"#","Product","Link","Brand","Sellers","Variations","Price","Category","Rank","Est. Sales","Est. Revenue","Reviews","Rating","FBA"
"2","GAP Men's Everyday Soft Crewneck T-Shirt Tee","http://www.amazon.com//dp/B0CCBWC2K3","Visit the GAP Store","1","74","$8.00","Clothing, Shoes &amp; Jewelry","2,412","421","$3,368","1,468 ","4.6","-"
"3","Disney Pixar Toy Story Pizza Planet Aliens T-Shirt","http://www.amazon.com//dp/B07THG628W","Visit the Disney Store","1","99","$22.99","Clothing, Shoes &amp; Jewelry","14,610","49","$1,127","1,051 ","4.6","-"
"4","Disney Pirates of the Caribbean Dead Men Tell No Tales T-Shirt","http://www.amazon.com//dp/B0B72CLD9S","Visit the Disney Store","1","103","$22.99","Clothing, Shoes &amp; Jewelry","33,604","25","$575","271 ","4.7","-"
"6","Disney Pixar Inside Out 2 Today I Feel... Vintage Panels T-Shirt","http://www.amazon.com//dp/B0D2YCZW59","Visit the Disney Store","1","148","$22.99","Clothing, Shoes &amp; Jewelry","24,078","31","$713","298 ","4.5","-"
"7","Disney Moana Hei Hei Boat Snack Vintage Style Poster T-Shirt","http://www.amazon.com//dp/B07KXDRPDZ","Visit the Disney Store","1","282","$22.99","Clothing, Shoes &amp; Jewelry","25,528","30","$690","760 ","4.7","-"
"8","Disney The Three Caballeros Donald Duck Vintage Distressed T-Shirt","http://www.amazon.com//dp/B0BT8HN4SS","Visit the Disney Store","1","401","$22.99","Clothing, Shoes &amp; Jewelry","33,027","25","$575","264 ","4.7","-"
"9","Disney Mickey And Friends Disney Squad T-Shirt","http://www.amazon.com//dp/B0856LYWD7","Visit the Disney Store","1","282","$22.99","Clothing, Shoes &amp; Jewelry","37,309","23","$529","1,068 ","4.5","-"
"10","Disney Fantasia Mickey Mouse Sorcerer’s Apprentice Retro T-Shirt","http://www.amazon.com//dp/B0C5S1GCNZ","Visit the Disney Store","1","441","$22.99","Clothing, Shoes &amp; Jewelry","37,684","23","$529","228 ","4.7","-"
"11","Disney Goofy Totally Rad Dad Father’s Day Surfing Distressed T-Shirt","http://www.amazon.com//dp/B0BXQNG2FV","Visit the Disney Store","1","574","$22.99","Clothing, Shoes &amp; Jewelry","57,039","19","$437","147 ","4.8","-"
"12","Disney Mickey And Friends Mickey And Pluto Retro Line T-Shirt","http://www.amazon.com//dp/B0823JM6RW","Visit the Disney Store","1","152","$22.99","Clothing, Shoes &amp; Jewelry","51,244","20","$460","1,393 ","4.6","-"
"13","Fishing Part Time Hooker Funny Bass Dad Father Day T-Shirt","http://www.amazon.com//dp/B0B1TG7SVP","Visit the CAT Store","1","313","$21.99","Clothing, Shoes &amp; Jewelry","71,760","18","$396","136 ","4.8","-"
"14","Disney Lilo &amp; Stitch Gamer Glitch Headset and Controller T-Shirt","http://www.amazon.com//dp/B097M9M3HD","Visit the Disney Store","1","267","$22.99","Clothing, Shoes &amp; Jewelry","60,441","19","$437","372 ","4.7","-"
"15","Disney Walt Disney World 50th Anniversary T-Shirt","http://www.amazon.com//dp/B09P9R72RL","Visit the Disney Store","1","503","$22.99","Clothing, Shoes &amp; Jewelry","58,879","19","$437","812 ","4.6","-"
"16","Disney Pixar Cars Lightning McQueen Vintage Race T-Shirt","http://www.amazon.com//dp/B09FYLDLRL","Visit the Disney Store","1","103","$22.99","Clothing, Shoes &amp; Jewelry","50,133","20","$460","486 ","4.7","-"
"17","Disney Lilo &amp; Stitch Emotions Of Stitch Box Up Panels T-Shirt","http://www.amazon.com//dp/B082253FP8","Visit the Disney Store","1","202","$22.99","Clothing, Shoes &amp; Jewelry","55,144","20","$460","1,801 ","4.8","-"
"18","Life Is Good. Mens Crusher Tee Lig Flag Circle, Darkest Blue","http://www.amazon.com//dp/B07VVDFKSK","Visit the Life is Good Store","1","1","$23.91","Clothing, Shoes &amp; Jewelry","17,605","41","$980","422 ","4.8","-"
"19","Ariat Men's Rebar Cotton Strong Graphic T-Shirt","http://www.amazon.com//dp/B08KHTWRJY","Visit the ARIAT Store","1","1","$25.45","Clothing, Shoes &amp; Jewelry","75,556","18","$458","966 ","4.6","-"
"20","Disney Lilo &amp; Stitch Distressed Stitch Portrait T-Shirt","http://www.amazon.com//dp/B08224NCKH","Visit the Disney Store","1","255","$22.99","Clothing, Shoes &amp; Jewelry","81,237","18","$414","488 ","4.7","-"
"21","Disney Lilo &amp; Stitch Cool Stitch Neon Outline Chest Portrait T-Shirt","http://www.amazon.com//dp/B0D2FZVN4W","Visit the Disney Store","1","243","$22.99","Clothing, Shoes &amp; Jewelry","62,555","19","$437","12 ","4.2","-"
"23","Disney Mickey Mouse Classic Small Pose T-Shirt","http://www.amazon.com//dp/B07S6574CZ","Visit the Disney Store","1","629","$22.99","Clothing, Shoes &amp; Jewelry","44,788","21","$483","2,222 ","4.5","-"
"24","Disney The Three Caballeros Classic T-Shirt","http://www.amazon.com//dp/B09S1BSXPM","Visit the Disney Store","1","283","$22.99","Clothing, Shoes &amp; Jewelry","39,403","23","$529","171 ","4.7","-"
"25","Disney Lilo &amp; Stitch Vintage Dad Cool Stitch Collegiate Logo T-Shirt","http://www.amazon.com//dp/B0CVK3XW53","Visit the Disney Store","1","290","$22.99","Clothing, Shoes &amp; Jewelry","54,296","20","$460","69 ","4.7","-"
"26","Jesus Christ Saved My Life Gift For Women Men T-Shirt","http://www.amazon.com//dp/B0BN3GXTK6","Visit the CAT Store","1","387","$18.99","Clothing, Shoes &amp; Jewelry","61,142","19","$361","69 ","4.8","-"
"27","Disney Robin Hood Retro Vintage Distressed T-Shirt","http://www.amazon.com//dp/B0BT3G957Q","Visit the Disney Store","1","254","$22.99","Clothing, Shoes &amp; Jewelry","67,918","18","$414","112 ","4.8","-"
"28","Disney Villains Bad Witches Club Group Shot Vintage T-Shirt","http://www.amazon.com//dp/B07NMTR1KM","Visit the Disney Store","1","163","$22.99","Clothing, Shoes &amp; Jewelry","64,328","19","$437","3,655 ","4.6","-"
"29","Disney Pixar Toy Story Buzz Lightyear Intelligent Life T-Shirt","http://www.amazon.com//dp/B07S5M7MG2","Visit the Disney Store","1","155","$22.99","Clothing, Shoes &amp; Jewelry","66,480","19","$437","1,185 ","4.7","-"
"30","Disney Lilo &amp; Stitch Stitch Day Ohana Means Family T-Shirt","http://www.amazon.com//dp/B08CBKWY9D","Visit the Disney Store","1","83","$22.99","Clothing, Shoes &amp; Jewelry","71,813","18","$414","466 ","4.8","-"
"31","Disney Mickey And Friends Sunshine And Good Vibes Big Logo T-Shirt","http://www.amazon.com//dp/B0CYK49ZBF","Visit the Disney Store","1","163","$22.99","Clothing, Shoes &amp; Jewelry","74,037","18","$414","22 ","4.6","-"
"32","Disney - Mickey Baseball Diamond T-Shirt","http://www.amazon.com//dp/B0C1T973TQ","Visit the Disney Store","1","280","$22.99","Clothing, Shoes &amp; Jewelry","72,386","18","$414","43 ","4.4","-"
"33","Disney Lilo &amp; Stitch Tropical Breakout T-Shirt","http://www.amazon.com//dp/B0B9HWBZ62","Visit the Disney Store","1","609","$22.99","Clothing, Shoes &amp; Jewelry","65,351","19","$437","134 ","4.6","-"
"34","Jeep Flag Wordmark Logo T-Shirt","http://www.amazon.com//dp/B0B176M3CR","Visit the Jeep Store","1","173","$24.99","Clothing, Shoes &amp; Jewelry","113,138","17","$425","260 ","4.7","-"
"35","Star Wars Classic Bright Neon Poster Art Disney+ T-Shirt","http://www.amazon.com//dp/B07PKDV3VB","Visit the STAR WARS Store","1","349","$22.99","Clothing, Shoes &amp; Jewelry","77,461","18","$414","656 ","4.6","-"
"36","Disney Lilo &amp; Stitch 4th Of July Born To Sparkle Americana T-Shirt","http://www.amazon.com//dp/B0C2JL7DTF","Visit the Disney Store","1","308","$22.99","Clothing, Shoes &amp; Jewelry","53,898","20","$460","37 ","4.4","-"
"37","Cricut Men's T-Shirt Blank, Crew Neck","http://www.amazon.com//dp/B07T94JQ8N","Visit the Cricut Store","1","1","$8.99","Arts, Crafts &amp; Sewing","24,476","&lt; 5","$45","2 ","4.7","-"
"38","Disney Pixar Cars Lightning McQueen Big Face Short Sleeve T-Shirt","http://www.amazon.com//dp/B082X81R6P","Visit the Disney Store","1","1","$22.99","Clothing, Shoes &amp; Jewelry","48,306","21","$483","740 ","4.6","-"
"39","Disney Mickey Mouse Red White and Blue Stars T-Shirt","http://www.amazon.com//dp/B08CRT5WRL","Visit the Disney Store","1","413","$22.99","Clothing, Shoes &amp; Jewelry","112,866","17","$391","160 ","4.4","-"
"40","Disney Mickey Mouse and Donald Duck Best Friends T-Shirt","http://www.amazon.com//dp/B07RJ2JPRJ","Visit the Disney Store","1","527","$22.99","Clothing, Shoes &amp; Jewelry","123,729","17","$391","552 ","4.6","-"
"41","Star Wars - Ship Flag Americana T-Shirt","http://www.amazon.com//dp/B0DQF6CN88","Visit the STAR WARS Store","1","147","$22.99","Clothing, Shoes &amp; Jewelry","146,991","16","$368","4 ","4.4","-"
"42","Pokémon - Gengar T-Shirt","http://www.amazon.com//dp/B0CB1RYS8Q","Visit the Pokemon Store","1","222","$22.99","Clothing, Shoes &amp; Jewelry","93,249","17","$391","182 ","4.7","-"
"43","Disney Moana Hei Hei Is My Spirit Animal Portrait T-Shirt","http://www.amazon.com//dp/B07XBVHTVK","Visit the Disney Store","1","244","$22.99","Clothing, Shoes &amp; Jewelry","55,317","20","$460","999 ","4.8","-"
"44","Jeep Duck Flag T-Shirt","http://www.amazon.com//dp/B0B17DR3BX","Visit the Jeep Store","1","352","$22.97","Clothing, Shoes &amp; Jewelry","159,867","16","$368","112 ","4.8","-"
"45","Disney Pixar Cars Lightning McQueen Kachow! Retro Shot T-Shirt","http://www.amazon.com//dp/B0CSTCC565","Visit the Disney Store","1","264","$22.99","Clothing, Shoes &amp; Jewelry","114,031","17","$391","39 ","4.6","-"
"46","Hot Wheels Monster Trucks - Crush It T-Shirt","http://www.amazon.com//dp/B0D5NY75NG","Visit the Hot Wheels Store","1","258","$22.99","Clothing, Shoes &amp; Jewelry","95,207","17","$391","35 ","4.6","-"
"47","Disney Mickey Mouse Classic Pose T-Shirt","http://www.amazon.com//dp/B07S86D2K1","Visit the Disney Store","1","629","$22.99","Clothing, Shoes &amp; Jewelry","67,483","18","$414","2,099 ","4.5","-"
"48","Disney Mickey And Friends Goofy Big Face Vintage Portrait T-Shirt","http://www.amazon.com//dp/B08228BNQB","Visit the Disney Store","1","265","$22.99","Clothing, Shoes &amp; Jewelry","106,149","17","$391","381 ","4.7","-"
"49","Disney Mickey And Friends Moods Of Donald Duck Short Sleeve T-Shirt","http://www.amazon.com//dp/B0853X9Q6X","Visit the Disney Store","1","156","$22.99","Clothing, Shoes &amp; Jewelry","90,747","17","$391","628 ","4.7","-"
"50","Disney A Goofy Movie Powerline Tour '95 Retro Neon Poster T-Shirt","http://www.amazon.com//dp/B08HTD57YC","Visit the Disney Store","1","155","$22.99","Clothing, Shoes &amp; Jewelry","111,469","17","$391","499 ","4.8","-"
"51","STAR WARS Men's Corellian Freighter T-Shirt","http://www.amazon.com//dp/B0CJKJQYGG","Visit the STAR WARS Store","1","1","$16.01","Clothing, Shoes &amp; Jewelry","38,035","23","$368","2,003 ","4.7","-"
"53","Disney Hannah Montana Classic Iconic Big Chest Text Logo T-Shirt","http://www.amazon.com//dp/B0CZ4J6F5B","Visit the Disney Store","1","399","$22.99","Clothing, Shoes &amp; Jewelry","328,018","16","$368","14 ","4.8","-"
"54","Disney Silly Symphonies The Skeleton Dance Vintage Logo T-Shirt","http://www.amazon.com//dp/B0D8JWPG5T","Visit the Disney Store","1","211","$22.99","Clothing, Shoes &amp; Jewelry","99,624","17","$391","97 ","4.7","-"
"55","Pokemon Unisex Adult Pikachu Pokeball Pattern T-Shirt, Black, Small","http://www.amazon.com//dp/B0CB1T3K4W","Visit the Pokemon Store","1","31","$22.99","Clothing, Shoes &amp; Jewelry","123,256","17","$391","59 ","4.9","-"
"57","Disney Robin Hood Oo-De-Lally Iconic Quote Chest Text Logo T-Shirt","http://www.amazon.com//dp/B0D6WRY5M2","Visit the Disney Store","1","254","$22.99","Clothing, Shoes &amp; Jewelry","215,248","16","$368","12 ","4.4","-"
"58","Disney A Goofy Movie Powerline Stand Out World Tour '95 T-Shirt","http://www.amazon.com//dp/B08HTLZQKR","Visit the Disney Store","1","83","$22.99","Clothing, Shoes &amp; Jewelry","138,439","16","$368","294 ","4.7","-"
"59","Disney Lilo &amp; Stitch Floral Stitch Coconut Portrait Short Sleeve T-Shirt","http://www.amazon.com//dp/B08697J23F","Visit the Disney Store","1","112","$22.99","Clothing, Shoes &amp; Jewelry","115,205","17","$391","532 ","4.7","-"
"60","Disney Channel Bunk'd Camp Kikiwaka T-Shirt","http://www.amazon.com//dp/B07Y62V7WZ","Visit the Disney Store","1","629","$22.99","Clothing, Shoes &amp; Jewelry","203,600","16","$368","729 ","4.8","-"
"61","Wicked Pink And Green Logo T-Shirt","http://www.amazon.com//dp/B0DHYMNGVV","Visit the wicked Store","1","210","$22.99","Clothing, Shoes &amp; Jewelry","77,861","18","$414","216 ","4.4","-"
"62","Disney Stitch Retro ’90s Couples Matching I’m Her Stitch T-Shirt","http://www.amazon.com//dp/B0DHHZRSHS","Visit the Disney Store","1","509","$22.99","Clothing, Shoes &amp; Jewelry","118,172","17","$391","39 ","4.6","-"
"63","Life is Good Women's Crusher Tee, Short Sleeve Cotton Graphic T-Shirts, Watercolor Daisy Birds","http://www.amazon.com//dp/B08WGB51XF","Visit the Life is Good Store","1","1","$29.50","Clothing, Shoes &amp; Jewelry","19,473","37","$1,092","1,156 ","4.6","-"
"64","Disney Mickey And Friends Daisy &amp; Minnie Fashion Short Sleeve T-Shirt","http://www.amazon.com//dp/B08P67C911","Visit the Disney Store","1","308","$22.99","Clothing, Shoes &amp; Jewelry","62,368","19","$437","2,129 ","4.5","-"
"65","Disney Mickey Mouse Icy Cool Paint Drip T-Shirt","http://www.amazon.com//dp/B08CSM5HRN","Visit the Disney Store","1","583","$22.99","Clothing, Shoes &amp; Jewelry","128,255","17","$391","129 ","4.6","-"
"66","Minecraft 4th Of July Creeper Boom American Colors T-Shirt","http://www.amazon.com//dp/B0BS4SPVNC","Brand: Minecraft","1","164","$22.99","Clothing, Shoes &amp; Jewelry","75,189","18","$414","15 ","5.0","-"
"67","Disney The Lion King Pride Land Characters Group Shot T-Shirt","http://www.amazon.com//dp/B07KRQRKMZ","Visit the Disney Store","1","260","$22.99","Clothing, Shoes &amp; Jewelry","161,878","16","$368","416 ","4.6","-"
"68","Disney Pixar Cars Lightning McQueen Palm Tree Sunset T-Shirt","http://www.amazon.com//dp/B083R2HQH3","Visit the Disney Store","1","103","$22.99","Clothing, Shoes &amp; Jewelry","111,922","17","$391","235 ","4.8","-"
"69","Disney Mickey Mouse Americana Ears shape T-Shirt","http://www.amazon.com//dp/B07DR7258X","Visit the Disney Store","1","190","$22.99","Clothing, Shoes &amp; Jewelry","65,549","19","$437","1,358 ","4.7","-"
"70","Disney Lilo &amp; Stitch I Was Left Unsupervised Retro Stripes T-Shirt","http://www.amazon.com//dp/B0DPJG6SBR","Visit the Disney Store","1","141","$22.99","Clothing, Shoes &amp; Jewelry","158,617","16","$368",,"5.0","-"
"71","Disney Mickey Mouse Thumbs Up Best Papa Ever Father’s Day T-Shirt","http://www.amazon.com//dp/B0CS4VLNR8","Visit the Disney Store","1","584","$22.99","Clothing, Shoes &amp; Jewelry","110,717","17","$391","94 ","4.8","-"
"72","Disney Stitch Retro ’90s Couples Matching I’m His Angel T-Shirt","http://www.amazon.com//dp/B0DHJBNKDK","Visit the Disney Store","1","489","$22.99","Clothing, Shoes &amp; Jewelry","159,821","16","$368","28 ","4.7","-"
"73","Disney Mickey And Friends Retro Stay Goofy Big Vintage T-Shirt","http://www.amazon.com//dp/B0CP6LTKQP","Visit the Disney Store","1","315","$22.99","Clothing, Shoes &amp; Jewelry","222,791","16","$368","3 ","5.0","-"
"74","Disney Moana Maui Confident Pose You're Welcome Retro Logo T-Shirt","http://www.amazon.com//dp/B0CTSC28L6","Visit the Disney Store","1","264","$22.99","Clothing, Shoes &amp; Jewelry","124,831","17","$391","40 ","4.4","-"
"75","Disney Pixar Cars Dinoco Motor Oil Faded Sign T-Shirt","http://www.amazon.com//dp/B09DFC255F","Visit the Disney Store","1","257","$22.99","Clothing, Shoes &amp; Jewelry","92,129","17","$391","67 ","4.6","-"
"76","Disney Men's Cars Lightning McQueen T-Shirt","http://www.amazon.com//dp/B09DQ5YB3B","Visit the Disney Store","1","1","$14.77","Clothing, Shoes &amp; Jewelry","39,389","23","$340","330 ","4.6","-"
"77","Disney Mickey And Friends Mickey Mouse Checkerboard Stripe T-Shirt","http://www.amazon.com//dp/B08P4YNPNP","Visit the Disney Store","1","184","$22.99","Clothing, Shoes &amp; Jewelry","126,675","17","$391","51 ","4.2","-"
"78","Disney Pixar Toy Story Buzz Lightyear Retro Comic Book T-Shirt","http://www.amazon.com//dp/B07JMFBB23","Visit the Disney Store","1","240","$22.99","Clothing, Shoes &amp; Jewelry","116,581","17","$391","643 ","4.8","-"
"79","Disney Lilo &amp; Stitch with Scrump Big Shiny Birthday Crew T-Shirt","http://www.amazon.com//dp/B0CKJB1KXX","Visit the Disney Store","1","609","$22.99","Clothing, Shoes &amp; Jewelry","80,352","18","$414","70 ","4.5","-"
"80","Columbia Men's PFG Terminal Tackle Long Sleeve Shirt","http://www.amazon.com//dp/B07DQF6CWN","Visit the Columbia Store","1","300","$40.00","Clothing, Shoes &amp; Jewelry","1,087","768","$30,720","17,687 ","4.6","-"
"81","Star Wars Darth Vader I Am Your Father Dark Portrait Disney+ T-Shirt","http://www.amazon.com//dp/B08J66XH1N","Visit the STAR WARS Store","1","115","$22.99","Clothing, Shoes &amp; Jewelry","170,440","16","$368","566 ","4.7","-"
"82","Winnie The Pooh - Hundred Acre Wood Pooh Organic Honey T-Shirt","http://www.amazon.com//dp/B0D15QGLHS","Visit the Disney Store","1","223","$22.99","Clothing, Shoes &amp; Jewelry","182,182","16","$368","26 ","4.7","-"
"83","Disney The Incredibles Logo Costume T-shirt","http://www.amazon.com//dp/B007R1OJ9I","Visit the Disney Store","1","1","$10.87","Clothing, Shoes &amp; Jewelry","29,821","26","$283","3,730 ","4.5","-"
"84","Disney Lilo &amp; Stitch Hawaiian Tropical Hula Lessons Duo T-Shirt","http://www.amazon.com//dp/B0CQS2THQL","Visit the Disney Store","1","304","$22.99","Clothing, Shoes &amp; Jewelry","153,243","16","$368","20 ","4.8","-"
"85","Disney Mickey Mouse Best Dad Ever Thumbs Up Father’s Day T-Shirt","http://www.amazon.com//dp/B0BXQP2Q5B","Visit the Disney Store","1","566","$22.99","Clothing, Shoes &amp; Jewelry","131,406","17","$391","141 ","4.7","-"
"86","Disney Moana 2 Maui Pua Heihei Ready for a New Adventure T-Shirt","http://www.amazon.com//dp/B0DFVSBF9Z","Visit the Disney Store","1","608","$22.99","Clothing, Shoes &amp; Jewelry","134,069","16","$368","55 ","4.4","-"
"87","Paw Patrol Father's Day Dad Patrol T-Shirt","http://www.amazon.com//dp/B0D6C2M11W","Visit the Paw Patrol Store","1","1","$22.97","Clothing, Shoes &amp; Jewelry","91,740","17","$390","43 ","4.4","-"
"88","Disney Phineas and Ferb Character Collage T-Shirt","http://www.amazon.com//dp/B0F3DV5YBG","Visit the Disney Store","1","594","$22.99","Clothing, Shoes &amp; Jewelry","147,348","16","$368","2 ","4.5","-"
"89","Disney Pixar Cars Tow Mater Finish Graphic T-Shirt T-Shirt","http://www.amazon.com//dp/B07MT653JY","Visit the Disney Store","1","285","$22.99","Clothing, Shoes &amp; Jewelry","96,336","17","$391","437 ","4.7","-"
"90","Disney Villains Maleficent It's Not Me It's You T-Shirt","http://www.amazon.com//dp/B083K1JNQL","Visit the Disney Store","1","516","$22.99","Clothing, Shoes &amp; Jewelry","125,345","17","$391","1,067 ","4.6","-"
"91","Stay Cool Popsicle 4th July Boys Men Patriotic American Flag T-Shirt","http://www.amazon.com//dp/B0C9742B97","Visit the CAT Store","1","516","$19.99","Clothing, Shoes &amp; Jewelry","106,738","17","$340","40 ","4.3","-"
"92","Disney Frozen Official Ice Master Of Arendelle Est. 2013 T-Shirt","http://www.amazon.com//dp/B08DZ153M8","Visit the Disney Store","1","160","$22.99","Clothing, Shoes &amp; Jewelry","125,782","17","$391","191 ","4.6","-"
"93","Winnie The Pooh - Pooh Eeyore Piglet Tigger Kanga Roo Hug T-Shirt","http://www.amazon.com//dp/B0D155CDKH","Visit the Disney Store","1","326","$22.99","Clothing, Shoes &amp; Jewelry","116,109","17","$391","25 ","4.5","-"
"94","Disney Mickey Mouse Thumbs Up Best Grandpa Ever Father’s Day T-Shirt","http://www.amazon.com//dp/B0CS3VPRF6","Visit the Disney Store","1","435","$22.99","Clothing, Shoes &amp; Jewelry","149,269","16","$368","32 ","4.7","-"
"95","Disney Lilo &amp; Stitch Is 4th Grade Ready For This? Chest Logo T-Shirt","http://www.amazon.com//dp/B0CW1V89ZZ","Visit the Disney Store","1","274","$22.99","Clothing, Shoes &amp; Jewelry","236,439","16","$368","18 ","4.7","-"
"96","Disney Princess Ariel Flounder and Sebastian Collage Heart T-Shirt","http://www.amazon.com//dp/B0934R3MLK","Visit the Disney Store","1","354","$22.99","Clothing, Shoes &amp; Jewelry","151,120","16","$368","242 ","4.6","-"
"97","Disney Mickey Mouse Leaning on Name White T-Shirt","http://www.amazon.com//dp/B0C82YTZCH","Visit the Disney Store","1","366","$22.99","Clothing, Shoes &amp; Jewelry","181,226","16","$368","21 ","4.4","-"
"98","Finding Nemo - Fish Are Friends, Not Food T-Shirt","http://www.amazon.com//dp/B0C2VX4B1S","Visit the Disney Store","1","336","$22.99","Clothing, Shoes &amp; Jewelry","173,734","16","$368","36 ","4.6","-"
"99","Disney The Little Mermaid Ariel But Daddy I Love Him Comic T-Shirt","http://www.amazon.com//dp/B07TXGSRZH","Visit the Disney Store","1","1","$22.99","Clothing, Shoes &amp; Jewelry","122,597","17","$391","564 ","4.7","-"
"100","Pokémon - Pikachu Charmander Bulbasaur Squirtle Kanto Circle T-Shirt","http://www.amazon.com//dp/B0DBN56H54","Visit the Pokemon Store","1","27","$22.99","Clothing, Shoes &amp; Jewelry","104,568","17","$391","13 ","4.5","-"
"101","Disney Mickey And Friends Valentine's Mickey &amp; Minnie Heart T-Shirt","http://www.amazon.com//dp/B0DVG1NJ51","Visit the Disney Store","1","379","$22.99","Clothing, Shoes &amp; Jewelry","164,116","16","$368","6 ","4.8","-"
"103","Girl Will be Girls Patriotic Feminist 4th of July Womens T-Shirt","http://www.amazon.com//dp/B0FBKVWXW7","Brand: Retro Girl Will be Girls Feminist 4th of July Co.","1","1","$18.99","Clothing, Shoes &amp; Jewelry","108,878","17","$323","4 ","5.0","-"
"104","Star Wars - Ship Flag Americana T-Shirt","http://www.amazon.com//dp/B0DQF6CN88","Visit the STAR WARS Store","1","147","$22.99","Clothing, Shoes &amp; Jewelry","146,991","16","$368","4 ","4.4","-"
"105","Disney Phineas and Ferb Character Collage T-Shirt","http://www.amazon.com//dp/B0F3DV5YBG","Visit the Disney Store","1","594","$22.99","Clothing, Shoes &amp; Jewelry","147,348","16","$368","2 ","4.5","-"
"107","Stay Cool Popsicle 4th July Boys Men Patriotic American Flag T-Shirt","http://www.amazon.com//dp/B0C9742B97","Visit the CAT Store","1","516","$19.99","Clothing, Shoes &amp; Jewelry","106,738","17","$340","40 ","4.3","-"
"108","Valley Forge Automotive T-Shirt, Small, Black","http://www.amazon.com//dp/B0D58MYR1P","Brand: Valley Forge Automotive Funny Gift Apparel","1","518","$16.99","Clothing, Shoes &amp; Jewelry","54,166","20","$340","12 ","3.9","-"
"109","Fih Calling Remind me Message Decline Accept Phone Call Fish T-Shirt","http://www.amazon.com//dp/B0FF3KX2RZ","Brand: Fih Calling Decline Accept t -shir t","1","514","$14.99","Clothing, Shoes &amp; Jewelry","94,404","17","$255",,,"-"
"110","Disney Silly Symphonies The Skeleton Dance Vintage Logo T-Shirt","http://www.amazon.com//dp/B0D8JWPG5T","Visit the Disney Store","1","211","$22.99","Clothing, Shoes &amp; Jewelry","99,624","17","$391","97 ","4.7","-"
"111","Disney - Goofy Doodles T-Shirt","http://www.amazon.com//dp/B0DZ7VV9DH","Visit the Disney Store","1","207","$22.99","Clothing, Shoes &amp; Jewelry","181,248","16","$368","5 ","4.7","-"
"112","The Metric System Can't Measure Freedom Funny 4th of July T-Shirt","http://www.amazon.com//dp/B0F5YF8YLX","Brand: The Metric System Can't Measure Freedom July 4th","1","275","$19.98","Clothing, Shoes &amp; Jewelry","54,252","20","$400","2 ","5.0","-"
"113","Disney Channel Bunk'd Camp Kikiwaka T-Shirt","http://www.amazon.com//dp/B07Y62V7WZ","Visit the Disney Store","1","629","$22.99","Clothing, Shoes &amp; Jewelry","203,600","16","$368","729 ","4.8","-"
"114","Minecraft Group Shot Poster Collage Style T-Shirt","http://www.amazon.com//dp/B0B11YZVPL","Visit the Minecraft Store","1","236","$22.99","Clothing, Shoes &amp; Jewelry","34,849","24","$552","92 ","4.7","-"
"115","Minecraft 4th Of July Creeper Boom American Colors T-Shirt","http://www.amazon.com//dp/B0BS4SPVNC","Brand: Minecraft","1","164","$22.99","Clothing, Shoes &amp; Jewelry","75,189","18","$414","15 ","5.0","-"
"116","Superman (2025) Superman New Logo 2 T-Shirt","http://www.amazon.com//dp/B0F96Y6B83","Brand: DC Comics","1","186","$19.99","Clothing, Shoes &amp; Jewelry","58,616","19","$380","4 ","5.0","-"
"117","Life is Good Women's Crusher Tee Shirt, Short Sleeve Cotton Graphic T-Shirts, Floral Jars","http://www.amazon.com//dp/B07ZGB3SCM","Visit the Life is Good Store","1","1","$20.00","Clothing, Shoes &amp; Jewelry","30,606","26","$520","596 ","4.7","-"
"118","Metallica Unisex-Adult Standard Ride The Lightning T-Shirt","http://www.amazon.com//dp/B07HPB28JH","Visit the Metallica Store","1","1","$22.99","Clothing, Shoes &amp; Jewelry","31,958","25","$575","3,051 ","4.6","-"
"119","Star Wars Andor Rebellions Are Built On Hope Grunge Style T-Shirt","http://www.amazon.com//dp/B0DVNQP95G","Visit the STAR WARS Store","1","270","$22.99","Clothing, Shoes &amp; Jewelry","155,495","16","$368","6 ","4.4","-"
"120","Disney Moana 2 Pua and Heihei Boat Snack Upgrade Funny T-Shirt","http://www.amazon.com//dp/B0DNTZP9R3","Visit the Disney Store","1","462","$22.99","Clothing, Shoes &amp; Jewelry","194,262","16","$368","9 ","4.8","-"
"121","STAR WARS Men's Endor Summer Camp T-Shirt","http://www.amazon.com//dp/B08DDD1LJR","Visit the STAR WARS Store","1","1","$17.57","Clothing, Shoes &amp; Jewelry","128,968","17","$299","142 ","4.5","-"
"122","Paw Patrol Father's Day Dad Patrol T-Shirt","http://www.amazon.com//dp/B0D6C2M11W","Visit the Paw Patrol Store","1","1","$22.97","Clothing, Shoes &amp; Jewelry","91,740","17","$390","43 ","4.4","-"
"123","Life is Good Women's Crusher Graphic T-Shirt","http://www.amazon.com//dp/B08CPHCT66","Visit the Life is Good Store","1","1","$29.50","Clothing, Shoes &amp; Jewelry","62,120","19","$561","7 ","4.7","-"
"124","Funny Baseball Softball Season Apparel L7 Weenie T-Shirt","http://www.amazon.com//dp/B0FDT468MM","Brand: Humor L7 Weenie Funny Loser Hands L7 Vintage 90s","1","485","$16.99","Clothing, Shoes &amp; Jewelry","277,618","16","$272",,,"-"
"125","Columbia Mens Terminal Tackkle-Hoodie","http://www.amazon.com//dp/B07DQFGH74","Visit the Columbia Store","1","1","$45.00","Clothing, Shoes &amp; Jewelry","2,492","408","$18,360","6,763 ","4.7","-"
"126","Disney Lilo &amp; Stitch Aloha Hawaii Come Visit The Islands T-Shirt","http://www.amazon.com//dp/B08699ZTR1","Visit the Disney Store","1","216","$22.99","Clothing, Shoes &amp; Jewelry","95,312","17","$391","652 ","4.6","-"
"127","Disney Pixar Toy Story Pizza Planet Left Chest Logo T-Shirt","http://www.amazon.com//dp/B08JRF59BR","Visit the Disney Store","1","480","$23.99","Clothing, Shoes &amp; Jewelry","73,100","18","$432","173 ","4.7","-"
"128","This Is Bullsht Funny Cow Toilet Humorous Design Men Women T-Shirt","http://www.amazon.com//dp/B0FGCHJYLF","Brand: This Is Bullsht Shirt","1","409","$16.99","Clothing, Shoes &amp; Jewelry","348,548","16","$272",,,"-"
"129","Minecraft Creeper Big Face T-Shirt","http://www.amazon.com//dp/B093R41C6X","Visit the Minecraft Store","1","315","$18.99","Clothing, Shoes &amp; Jewelry","68,595","18","$342","324 ","4.6","-"
"130","Disney Lion King Hakuna Matata T-Shirt for Adults","http://www.amazon.com//dp/B073SVTP1K","Visit the Disney Store","1","1","$19.00","Clothing, Shoes &amp; Jewelry","60,967","19","$361","1,746 ","4.4","-"
"131","Pokémon - Pikachu Charmander Bulbasaur Squirtle Kanto Circle T-Shirt","http://www.amazon.com//dp/B0DBN56H54","Visit the Pokemon Store","1","27","$22.99","Clothing, Shoes &amp; Jewelry","104,568","17","$391","13 ","4.5","-"
"132","Disney Mickey &amp; Friends Mickey Mouse Vintage Portrait T-Shirt","http://www.amazon.com//dp/B08JRX28CS","Visit the Disney Store","1","204","$22.99","Clothing, Shoes &amp; Jewelry","68,192","18","$414","448 ","4.4","-"
"133","Disney Lilo &amp; Stitch Is 4th Grade Ready For This? Chest Logo T-Shirt","http://www.amazon.com//dp/B0CW1V89ZZ","Visit the Disney Store","1","274","$22.99","Clothing, Shoes &amp; Jewelry","236,439","16","$368","18 ","4.7","-"
"134","Disney Mickey And Friends Mickey Mouse Lean T-Shirt","http://www.amazon.com//dp/B082DYJF2Z","Visit the Disney Store","1","252","$22.99","Clothing, Shoes &amp; Jewelry","80,703","18","$414","1,544 ","4.7","-"
"135","Funny On my way to stir up some Unisex for Men, Women T-Shirt","http://www.amazon.com//dp/B0FGJHF6DJ","Brand: Ronni Calling","1","325","$20.99","Clothing, Shoes &amp; Jewelry","452,187","16","$336",,,"-"
"136","Disney Lilo &amp; Stitch â€œMomâ€œ Mother's Day Birthday Family Trip T-Shirt","http://www.amazon.com//dp/B0F5BXWVTZ","Visit the Disney Store","1","359","$22.99","Clothing, Shoes &amp; Jewelry","122,395","17","$391","3 ","5.0","-"
"137","Liberal 4th of July Subtle Message Resist Trump Patriotic T-Shirt","http://www.amazon.com//dp/B0FCMHLRTV","Brand: Funny 4th July Men Women Outfits 2025","1","294","$17.89","Clothing, Shoes &amp; Jewelry","146,426","16","$286",,"5.0","-"
"138","Liberty Justice For All Patriotic 4th Of July T-Shirt","http://www.amazon.com//dp/B0FC6G344P","Brand: Bold Liberty Wear","1","266","$19.99","Clothing, Shoes &amp; Jewelry","195,650","16","$320",,,"-"
"139","Superman #1 T-Shirt","http://www.amazon.com//dp/B07KSR2PD5","Brand: DC Comics","1","1","$19.99","Clothing, Shoes &amp; Jewelry","75,102","18","$360","29 ","4.3","-"
"140","Superman #57 Cover T Shirt T-Shirt","http://www.amazon.com//dp/B07KSRD2HB","Brand: DC Comics","1","1","$19.99","Clothing, Shoes &amp; Jewelry","97,359","17","$340","10 ","4.4","-"
"141","Star Wars Men's Epic Logo","http://www.amazon.com//dp/B01BFOHAO8","Visit the STAR WARS Store","1","1","$25.00","Clothing, Shoes &amp; Jewelry","58,358","19","$475","285 ","4.5","-"
"142","Hotter Than A Hoochie Trump Coochie Viral Trump Summer Vibes T-Shirt","http://www.amazon.com//dp/B0D8VNCTNK","Brand: Hotter Than A Hoochie Coochie Summer Vibes Outfit","1","1","$18.98","Clothing, Shoes &amp; Jewelry","54,901","20","$380","11 ","4.6","-"
"143","Miller Lite - Red, Lite, and Blue T-Shirt","http://www.amazon.com//dp/B0DNNLN9HR","Brand: Miller Lite","1","1","$22.99","Clothing, Shoes &amp; Jewelry","37,589","23","$529","5 ","3.3","-"
"144","Vintage Skibidi Best Dad No Cap Dad Rizz Funny Father's Day T-Shirt","http://www.amazon.com//dp/B0FBJWR7F8","Brand: Funny Father's Day Skibidi Dad No Cap tee","1","640","$17.99","Clothing, Shoes &amp; Jewelry","411,679","16","$288",,,"-"
"145","Funny Goose Fourth Of July Firequacker Independence Day Cute T-Shirt","http://www.amazon.com//dp/B0D78K6WLK","Brand: Goose Fourth Of July Firequacker Independence Day","1","269","$17.99","Clothing, Shoes &amp; Jewelry","157,549","16","$288","5 ","4.3","-"
"146","Hello Kitty American Flag Tee Shirt T-Shirt","http://www.amazon.com//dp/B07CG8MPVF","Visit the Hello Kitty Store","1","412","$19.99","Clothing, Shoes &amp; Jewelry","84,343","18","$360","133 ","4.8","-"
"147","Peanuts - Happy Thanksgiving Charlie Snoopy Woodstock T-Shirt","http://www.amazon.com//dp/B0C384TG9L","Brand: Peanuts","1","222","$22.99","Clothing, Shoes &amp; Jewelry","93,000","17","$391","164 ","4.7","-"
"148","Life is Good Women's Crusher Tee, Short Sleeve Cotton Graphic T-Shirts, Crescent Moon Daisies","http://www.amazon.com//dp/B08F9PFXJM","Visit the Life is Good Store","1","1","$29.50","Clothing, Shoes &amp; Jewelry","66,599","19","$561","3 ","4.6","-"
"149","Disney Men's Donald Duck Face T-Shirt","http://www.amazon.com//dp/B07G4XW546","Visit the Disney Store","1","1","$12.40","Clothing, Shoes &amp; Jewelry","70,700","18","$223","7,160 ","4.7","-"
"150","Jurassic Park Men's Retro Circle T-Shirt","http://www.amazon.com//dp/B098ZPVKDZ","Brand: Jurassic Park","1","1","$25.99","Clothing, Shoes &amp; Jewelry","129,243","17","$442","95 ","4.3","-"
"151","Disney Minnie Mouse Daydreaming Pose Cute Portrait T-Shirt","http://www.amazon.com//dp/B0C4M3L9V7","Visit the Disney Store","1","121","$22.99","Clothing, Shoes &amp; Jewelry","400,465","16","$368",,,"-"
"153","Girl Will be Girls Patriotic Feminist 4th of July Womens T-Shirt","http://www.amazon.com//dp/B0FC6FCKH4","Brand: Girl Will Be Girls 4th Of July Outfits","1","1","$16.89","Clothing, Shoes &amp; Jewelry","398,461","16","$270",,,"-"
"154","Coors Miller Lite Classic Design Front and Back T-Shirt","http://www.amazon.com//dp/B0BRYLPGPL","Brand: Coors","1","1","$22.99","Clothing, Shoes &amp; Jewelry","69,870","18","$414","73 ","4.4","-"
"155","Tres Leches Fever T-Shirt","http://www.amazon.com//dp/B0FGVMY2BP","Brand: Official Tees Tres Leches","1","494","$22.99","Clothing, Shoes &amp; Jewelry","265,464","16","$368",,,"-"
"157","Marvel Fantastic Four: First Steps Retro Invisible Woman T-Shirt","http://www.amazon.com//dp/B0FCN1PHH3","Visit the Marvel Store","1","614","$22.99","Clothing, Shoes &amp; Jewelry","311,097","16","$368",,,"-"
"158","Minecraft Group Shot Happy 6th Birthday T-Shirt","http://www.amazon.com//dp/B093R2C73G","Brand: Minecraft","1","232","$22.99","Clothing, Shoes &amp; Jewelry","71,382","18","$414","386 ","4.6","-"
"159","Jurassic Park Men's Classic Movie Logo T-Shirt","http://www.amazon.com//dp/B095FJZKKS","Visit the Fifth Sun Store","1","1","$15.40","Clothing, Shoes &amp; Jewelry","9,437","82","$1,263","8,734 ","4.6","-"
"160","System of a Down Unisex-Adult Liberty Bandit T-Shirt","http://www.amazon.com//dp/B0CHN97GVT","Brand: System of a Down","1","1","$25.00","Clothing, Shoes &amp; Jewelry","105,353","17","$425","73 ","4.8","-"
"161","Marvel Men's Avengers Comics Crew T-Shirt","http://www.amazon.com//dp/B0167X7V7S","Visit the Marvel Store","1","1","$13.81","Clothing, Shoes &amp; Jewelry","55,060","20","$276","1,147 ","4.6","-"
"162","Cars - Lightning McQueen Racing Tee T-Shirt","http://www.amazon.com//dp/B0DZD58JHR","Visit the Disney Store","1","355","$22.99","Clothing, Shoes &amp; Jewelry","129,459","17","$391","8 ","4.7","-"
"163","FEA Men's Tool Adult Short Sleeve T-Shirt","http://www.amazon.com//dp/B078GR7Q3H","Brand: FEA","1","1","$20.99","Clothing, Shoes &amp; Jewelry","26,019","29","$609","1,902 ","4.6","-"
"164","Coca-Cola Men's Coke Classic Vintage Logo T-shirt","http://www.amazon.com//dp/B007R1OJRA","Visit the Mad Engine Store","1","1","$13.87","Clothing, Shoes &amp; Jewelry","36,052","24","$333","5,899 ","4.6","-"
"165","DC Comics Superman Men's Man Of Steel Distressed Logo Adult Graphic Print T-Shirt","http://www.amazon.com//dp/B00C04EDQQ","Brand: DC Comics","1","1","$18.00","Clothing, Shoes &amp; Jewelry","39,109","23","$414","6,226 ","4.6","-"
"166","Disney Lilo &amp; Stitch Ohana Adorable Pose Floral Logo T-Shirt","http://www.amazon.com//dp/B0C2FYZ1WP","Visit the Disney Store","1","348","$22.99","Clothing, Shoes &amp; Jewelry","151,643","16","$368","65 ","4.6","-"
"167","Columbia Men's PFG Tamiami II UPF 40 Long Sleeve Fishing Shirt","http://www.amazon.com//dp/B07DQBYLXM","Visit the Columbia Store","1","293","$55.00","Clothing, Shoes &amp; Jewelry","3,081","326","$17,930","6 ","4.5","-"
"168","Minecraft Group Shot Happy 5th Birthday T-Shirt","http://www.amazon.com//dp/B093R8S11G","Brand: Minecraft","1","232","$22.99","Clothing, Shoes &amp; Jewelry","101,518","17","$391","200 ","4.7","-"
"169","Cricut T-Shirt Blank, Crew Neck","http://www.amazon.com//dp/B07TD9TN91","Visit the Cricut Store","1","1","$8.99","Clothing, Shoes &amp; Jewelry","92,072","17","$153","1,859 ","4.6","-"
"170","STAR WARS Men's Simplest Logo Graphic Long Sleeve Tee","http://www.amazon.com//dp/B0737BSQ17","Visit the Fifth Sun Store","1","1","$18.99","Clothing, Shoes &amp; Jewelry","54,580","20","$380","2,172 ","4.4","-"
"171","Funny Is A Kilometer Retro Patriotic American Freedom T-Shirt","http://www.amazon.com//dp/B0FF6CFM3S","Brand: Retro 4th Of July American Freedom Tee","1","215","$18.99","Clothing, Shoes &amp; Jewelry","152,373","16","$304",,"1.0","-"
"172","Star Wars Young Men's Words of Wisdom T-Shirt","http://www.amazon.com//dp/B00KRIR134","Visit the Fifth Sun Store","1","1","$19.99","Clothing, Shoes &amp; Jewelry","58,156","19","$380","17,034 ","4.7","-"
"173","Stop Pretending Your Racism is Patriotism 4th July US Flag T-Shirt","http://www.amazon.com//dp/B0FCS6H29C","Brand: Funny Men Women Outfits 2025","1","294","$15.89","Clothing, Shoes &amp; Jewelry","288,649","16","$254",,"4.0","-"
"174","Nintendo Men's Super Mario Running Retro Stripe T-Shirt","http://www.amazon.com//dp/B08BJFZTG1","Brand: Nintendo","1","1","$18.99","Clothing, Shoes &amp; Jewelry","54,216","20","$380","1,222 ","4.5","-"
"175","HOOEY Men's Graphic T-Shirt, Western Inspired Short-Sleeved Tees","http://www.amazon.com//dp/B0C8WDH1YK","Visit the HOOEY Store","1","1","$16.14","Clothing, Shoes &amp; Jewelry","97,657","17","$274","4 ","4.6","-"
"176","Columbia Men's Terminal Tackle Short","http://www.amazon.com//dp/B07DQF5VMQ","Visit the Columbia Store","1","352","$45.00","Clothing, Shoes &amp; Jewelry","1,406","660","$29,700","4 ","4.6","-"
"177","Nintendo Men's Super Mario Running Profile 1985 T-Shirt","http://www.amazon.com//dp/B08BJDYDNG","Brand: Nintendo","1","1","$25.99","Clothing, Shoes &amp; Jewelry","54,673","20","$520","408 ","4.5","-"
"178","Life is Good. Men's Adirondack Jake Chill Short Sleeve Crusher Tee, Vintage Blue","http://www.amazon.com//dp/B084T7W8FT","Visit the Life is Good Store","1","1","$20.71","Clothing, Shoes &amp; Jewelry","90,617","17","$352",,"4.7","-"
"179","Costa Del Ma mens Classic Emblem Tee","http://www.amazon.com//dp/B0CRBNJCZZ","Visit the Costa Del Ma Store","1","1","$20.00","Clothing, Shoes &amp; Jewelry","82,255","18","$360","52 ","4.0","-"
"180","Just A Dad Who Always Came Back With The Milk 2 Sided T-Shirt","http://www.amazon.com//dp/B0FBJX9QBQ","Brand: Just A Dad Who Always Came Back With The Milk","1","332","$22.99","Clothing, Shoes &amp; Jewelry","130,292","17","$391",,,"-"
"181","Fih Shoes Fish Funny Misspelled Fish Meme Fih Calling Humor T-Shirt","http://www.amazon.com//dp/B0FFSJB3FM","Brand: Funny Men Women Outfits 2025","1","432","$15.89","Clothing, Shoes &amp; Jewelry","280,861","16","$254",,,"-"
"182","Radicalized By Basic Decency Funny Democracy Women Men T-Shirt","http://www.amazon.com//dp/B0FBM83P4Y","Brand: Vintage Progressive Kindness Equality Activism Tee","1","377","$16.99","Clothing, Shoes &amp; Jewelry","232,695","16","$272",,,"-"
"183","You Don’t Have No Whistlin' Bungholes Funny July 4th of July T-Shirt","http://www.amazon.com//dp/B0F6MV5JDM","Brand: 4th Of July Apparel HUG","1","697","$18.99","Clothing, Shoes &amp; Jewelry","129,742","17","$323",,,"-"
"184","Jurassic Park Men's Classic Movie Logo T-Shirt","http://www.amazon.com//dp/B095G841PK","Brand: Fifth Sun","1","1","$25.99","Clothing, Shoes &amp; Jewelry","65,949","19","$494","803 ","4.6","-"
"185","Missionary So We Can Keep Arguing T-Shirt","http://www.amazon.com//dp/B0F92ZF9B6","Brand: AshBubble","1","1","$17.99","Clothing, Shoes &amp; Jewelry","266,333","16","$288",,,"-"
"186","Mens 4th of July Shirt Founding Daddy George Washington 1776 T-Shirt","http://www.amazon.com//dp/B0D7SG3FZH","Brand: 4th Of July Founding Daddy George Washington 1776","1","189","$17.89","Clothing, Shoes &amp; Jewelry","125,676","17","$304",,,"-"
"187","Backstreet Boys – Millenium Multi Color T-Shirt","http://www.amazon.com//dp/B0F1DPRY7K","Visit the Backstreet Boys Store","1","1","$24.99","Clothing, Shoes &amp; Jewelry","63,904","19","$475",,"5.0","-"
"188","Backstreet Boys – Millenium Pose 2025 White T-Shirt","http://www.amazon.com//dp/B0DWFHVNZ4","Visit the Backstreet Boys Store","1","1","$24.99","Clothing, Shoes &amp; Jewelry","45,855","21","$525","9 ","4.3","-"
"189","White Boy Of The Year T-Shirt","http://www.amazon.com//dp/B0DXNCQH1D","Brand: White Boy Of The Year Funny tee","1","491","$18.97","Clothing, Shoes &amp; Jewelry","203,405","16","$304","3 ","5.0","-"
"190","Jurassic Park Men's Officially Licensed Retro Park Graphic Tee","http://www.amazon.com//dp/B07BS3HVSV","Brand: Jurassic Park","1","1","$16.64","Clothing, Shoes &amp; Jewelry","169,220","16","$266","34 ","3.8","-"
"191","Disney Channel Games Logo T-Shirt","http://www.amazon.com//dp/B09MXCH5YZ","Visit the Disney Store","1","406","$22.99","Clothing, Shoes &amp; Jewelry","135,136","16","$368","87 ","4.7","-"
"192","Liquid Blue Men's Prism paint T-shirt, Tie Dye","http://www.amazon.com//dp/B01EGR8Q44","Visit the Liquid Blue Store","1","1","$16.61","Clothing, Shoes &amp; Jewelry","99,653","17","$282","553 ","4.7","-"
"193","Marvel Universe Grunge Fwip Young Men's Short Sleeve Tee Shirt","http://www.amazon.com//dp/B06XG7MLTY","Visit the Marvel Store","1","1","$17.53","Clothing, Shoes &amp; Jewelry","95,354","17","$298","97 ","4.4","-"
"194","Missionary So We Can Keep Arguing T-Shirt","http://www.amazon.com//dp/B0F92ZZ3Y3","Brand: AshBubble","1","201","$17.99","Clothing, Shoes &amp; Jewelry","265,846","16","$288",,,"-"
"195","STAR WARS Young Men's Darkside Pattern","http://www.amazon.com//dp/B0DXSN4JTP","Visit the STAR WARS Store","1","1","$39.99","Clothing, Shoes &amp; Jewelry","254,589","16","$640","9 ","4.8","-"
"196","Disney Men's Incredible Graphic T-Shirt","http://www.amazon.com//dp/B06XG746DW","Visit the Disney Store","1","1","$19.99","Clothing, Shoes &amp; Jewelry","119,776","17","$340","628 ","4.3","-"
"197","Coca-Cola Men's Eighties Coke Short Sleeve T-Shirt","http://www.amazon.com//dp/B071DJRYTR","Visit the Coca-Cola Store","1","1","$13.87","Clothing, Shoes &amp; Jewelry","72,118","18","$250","1,943 ","4.4","-"
"198","Rapiddominance Classic Military Tee","http://www.amazon.com//dp/B007JLDE24","Brand: Rapid Dominance","1","1","$17.34","Clothing, Shoes &amp; Jewelry","69,849","18","$312","1,936 ","4.7","-"
"199","Disney Men's Cars 3 Lightning McQueen Graphic T-Shirt","http://www.amazon.com//dp/B073SVR4FG","Visit the Disney Store","1","1","$19.00","Clothing, Shoes &amp; Jewelry","89,482","17","$323","442 ","4.6","-"
"200","Men's PFG Terminal Tackle Heather Long Sleeve Shirt","http://www.amazon.com//dp/B07DW121NM","Visit the Columbia Store","1","1","$45.00","Clothing, Shoes &amp; Jewelry","54,713","20","$900","1,233 ","4.6","-"
"201","What Is A Kilometer T-Shirt","http://www.amazon.com//dp/B0D82459CB","Brand: Wtf Is A Kilometer","1","40","$17.99","Clothing, Shoes &amp; Jewelry","167,774","16","$288",,,"-"
"203","Liquid Blue Unisex-Adult Ac/Dc Rock Eruption Short Sleeve T-Shirt","http://www.amazon.com//dp/B06XHPK814","Visit the Liquid Blue Store","1","1","$21.26","Clothing, Shoes &amp; Jewelry","127,658","17","$361","1,016 ","4.8","-"
"204","Liquid Blue Unisex-Adult Standard Grateful Dead Spiral Bears Blacklight T-Shirt","http://www.amazon.com//dp/B0851PR75H","Visit the Liquid Blue Store","1","1","$20.95","Clothing, Shoes &amp; Jewelry","90,864","17","$356","452 ","4.7","-"
"205","Life is Good Men's Stay Cool Vintage Crusher Tee, Heather Gray","http://www.amazon.com//dp/B084T8BDD9","Visit the Life is Good Store","1","1","$22.97","Clothing, Shoes &amp; Jewelry","114,503","17","$390","175 ","4.9","-"
"207","Funny 4th Of JuLy W.t.f Is A Kilometer T-Shirt","http://www.amazon.com//dp/B0FCLBQ9L8","Brand: Funny 4th Of JuLy W.t.f Is A Kilometer","1","256","$17.99","Clothing, Shoes &amp; Jewelry","246,698","16","$288",,,"-"
"208","Backstreet Boys - Millennium Cutout T-Shirt","http://www.amazon.com//dp/B08TK6HWHW","Visit the Backstreet Boys Store","1","1","$24.99","Clothing, Shoes &amp; Jewelry","34,754","24","$600","159 ","4.2","-"
"209","Marvel Men's Guardians of The Galaxy Groot Today I Feel Adult T-Shirt Tee","http://www.amazon.com//dp/B07MD4JRNC","Visit the Marvel Store","1","1","$14.59","Clothing, Shoes &amp; Jewelry","99,908","17","$248","1,389 ","4.7","-"
"210","They Call Me El Jefe Mexican Sugar Skull Cinco De Mayo T-Shirt","http://www.amazon.com//dp/B0BHQN2ZQG","Brand: Mexican Sugar Skull Cinco De Mayo","1","266","$16.99","Clothing, Shoes &amp; Jewelry","203,618","16","$272",,,"-"
"211","Pokemon Pokémon Pikachu Japanese Puzzle Power T-Shirt","http://www.amazon.com//dp/B07QQ33PW2","Visit the Pokemon Store","1","1","$13.54","Clothing, Shoes &amp; Jewelry","90,743","17","$230","741 ","4.6","-"
"212","Cowboy Western Country Cowgirl Outfit | Clever Girl Cowgirl T-Shirt","http://www.amazon.com//dp/B0F99XYKL4","Brand: Clever Girl Country Music Cowgirl Shirt Women Girl","1","1","$19.99","Clothing, Shoes &amp; Jewelry","183,365","16","$320",,,"-"
"213","Nintendo Men's Keep It Classic T-Shirt","http://www.amazon.com//dp/B06Y2CZHSG","Brand: Nintendo","1","1","$17.99","Clothing, Shoes &amp; Jewelry","46,199","21","$378","2,008 ","4.6","-"
"214","Funny Valley Forge Automotive T-Shirt, Small, Black","http://www.amazon.com//dp/B0D58LYRRV","Brand: Valley Forge Automotive Apparel","1","492","$16.99","Clothing, Shoes &amp; Jewelry","190,079","16","$272","5 ","4.7","-"
"215","Columbia Women's PFG Tidal Tee Hoodie, UV Protection, Moisture-Wicking","http://www.amazon.com//dp/B07RHQNSDQ","Visit the Columbia Store","1","1","$45.00","Clothing, Shoes &amp; Jewelry","99,454","17","$765","332 ","4.2","-"
"216","Nintendo Men's Fist Pump","http://www.amazon.com//dp/B088WDK3DX","Brand: Nintendo","1","1","$16.83","Clothing, Shoes &amp; Jewelry","134,103","16","$269","312 ","3.7","-"
"217","Carhartt Men's 100235 Flame-Resistant Force® Long Sleeve Cotton T-Shirt","http://www.amazon.com//dp/B00B4RN6YU","Visit the Carhartt Store","1","1","$74.99","Clothing, Shoes &amp; Jewelry","74,434","18","$1,350","1,054 ","4.7","-"
"218","Nickelodeon Boys' Blaze and Monster Machines 3 Pack T-Shirt Bundle","http://www.amazon.com//dp/B01MAUL6YP","Visit the Nickelodeon Store","1","1","$17.30","Clothing, Shoes &amp; Jewelry","41,565","22","$381","1,885 ","4.6","-"
"219","Master Baiter Bass Fishing Fisher Papa Dad Happy Fathers Day T-Shirt","http://www.amazon.com//dp/B0F4NMPH7P","Brand: Master Baiter Bass Fishing Fisher Dad Father's Day","1","327","$18.99","Clothing, Shoes &amp; Jewelry","268,880","16","$304",,,"-"
"220","KFG Keep F'N Going Military Style T-Shirt","http://www.amazon.com//dp/B0FGXT6RPY","Brand: KFG Keep F'N Going Tees Co.","1","344","$15.99",,,"-","-",,,"-"
"221","Marvel Deadpool Riding A Unicorn On A Rainbow T-Shirt","http://www.amazon.com//dp/B075JR5NLW","Visit the Marvel Store","1","1","$16.50","Clothing, Shoes &amp; Jewelry","115,945","17","$281","2,527 ","4.7","-"
"222","Liquid Blue Men's Skull Pile T-Shirt","http://www.amazon.com//dp/B003YHPD1C","Visit the Liquid Blue Store","1","1","$33.00","Clothing, Shoes &amp; Jewelry","230,484","16","$528","843 ","4.7","-"
"223","Chromakopia Tee","http://www.amazon.com//dp/B0F4Q4JF6T","Visit the Tyler, The Creator Store","1","1","$40.00","Clothing, Shoes &amp; Jewelry","46,047","21","$840","4 ","5.0","-"
"224","DC Comics Men's Batman Basic Logo Black T-Shirt","http://www.amazon.com//dp/B00JV2QR32","Brand: DC Comics","1","1","$17.95","Clothing, Shoes &amp; Jewelry","83,332","18","$323","5,850 ","4.5","-"
"225","Groovy Moonbeam Ice Cream Vintage For Men Women Kids T-Shirt","http://www.amazon.com//dp/B0FGD48GQ4","Brand: Groovy Moonbeam Ice Cream Vintage","1","341","$16.99","Clothing, Shoes &amp; Jewelry","452,188","16","$272",,,"-"
"226","Retro Rabbit Meme Death To Tyrants Funny Vintage 90s Design T-Shirt","http://www.amazon.com//dp/B0FFZBQTQS","Brand: Retro Rabbit Death To Tyrants Funny Vintage 90s","1","325","$16.95","Clothing, Shoes &amp; Jewelry","576,201","16","$271",,,"-"
"227","Liquid Blue Men's Big Bertha T-Shirt","http://www.amazon.com//dp/B002XYUGWI","Visit the Liquid Blue Store","1","1","$24.45","Clothing, Shoes &amp; Jewelry","94,402","17","$416","1,102 ","4.7","-"
"228","Liquid Blue Men's Standard Grateful Dead Steal Your Bertha T-Shirt","http://www.amazon.com//dp/B09V4XY1QM","Visit the Liquid Blue Store","1","1","$23.47","Clothing, Shoes &amp; Jewelry","162,974","16","$376","150 ","4.6","-"
"229","Told myself to stop drinking joke T-Shirt","http://www.amazon.com//dp/B0FF9ZZKCT","Brand: Funny alcoholic self joke design","1","1","$16.99","Clothing, Shoes &amp; Jewelry","563,625","16","$272",,,"-"
"230","Retro Rabbit Death To Tyrants Vintage 90s Funny Quote T-Shirt","http://www.amazon.com//dp/B0FGBT4N8W","Brand: Funny Rabbit Death To Tyrants","1","1","$15.99","Clothing, Shoes &amp; Jewelry","476,109","16","$256",,,"-"
"231","Fifth Sun Land Friends Before Time Short Sleeve Tee Shirt","http://www.amazon.com//dp/B0BCMKSH86","Visit the Fifth Sun Store","1","1","$18.24","Clothing, Shoes &amp; Jewelry","177,649","16","$292","60 ","4.7","-"
"232","GAP Favorite V-Neck Tee T-Shirt","http://www.amazon.com//dp/B09V4SBKD2","Visit the GAP Store","1","1","$19.99","Clothing, Shoes &amp; Jewelry","117,865","17","$340","124 ","4.0","-"
"233","'Twas the 'Tism M'Lord Funny Wizard Frog Witch T-Shirt","http://www.amazon.com//dp/B0FDQL1855","Brand: Wizard Frog Medieval Meme Funny Fantasy Quote","1","145","$14.99","Clothing, Shoes &amp; Jewelry","351,938","16","$240",,,"-"
"234","Harry Potter Men's Gryffindor Quidditch Seekert-Shirt","http://www.amazon.com//dp/B081R4JH92","Visit the Fifth Sun Store","1","1","$18.99","Clothing, Shoes &amp; Jewelry","56,237","19","$361","3,465 ","4.6","-"
"235","Backstreet Boys - Millennium Recolor T-Shirt","http://www.amazon.com//dp/B08TJYZPNF","Visit the Backstreet Boys Store","1","1","$24.99","Clothing, Shoes &amp; Jewelry","81,584","18","$450","52 ","4.5","-"
"236","Liquid Blue Men's Standard Grateful Dead 4th of July Wave That Flag 1987 Ss T-Shirt","http://www.amazon.com//dp/B07MSQBJ5F","Visit the Liquid Blue Store","1","1","$24.00","Clothing, Shoes &amp; Jewelry","85,959","18","$432","132 ","4.5","-"
"237","Retro Trump Hunting Deer Funny Beer Drinking Beer Hunting T-Shirt","http://www.amazon.com//dp/B0DT98D3SR","Brand: Trump Hunting Deer Funny Beer Drinking And Hunting","1","363","$16.99","Clothing, Shoes &amp; Jewelry","281,253","16","$272",,,"-"
"238","If You Say Funny I Love Heart Red Color for The Love of You T-Shirt","http://www.amazon.com//dp/B0D9K5GB6Q","Brand: Mens Womens If You Say I Love for The Love of You","1","1","$17.99","Clothing, Shoes &amp; Jewelry","350,363","16","$288",,,"-"
"239","Metallica Men's Standard Justice for All T-Shirt","http://www.amazon.com//dp/B076DLW21B","Visit the Metallica Store","1","1","$30.00","Clothing, Shoes &amp; Jewelry","43,682","21","$630","1,666 ","4.6","-"
"240","Blink If You Want Me Funny Saying Slogan Humor T-Shirt","http://www.amazon.com//dp/B0D322DM17","Visit the Threadrock Store","1","1","$17.99","Clothing, Shoes &amp; Jewelry","242,030","16","$288","2 ","5.0","-"
"241","Boy's Star Wars Starship Battle T-Shirt","http://www.amazon.com//dp/B074P5FNLS","Visit the STAR WARS Store","1","1","$16.99","Clothing, Shoes &amp; Jewelry","199,527","16","$272","125 ","3.9","-"
"242","Liquid Blue Men's Night Time Dive T-Shirt","http://www.amazon.com//dp/B01LF782LK","Visit the Liquid Blue Store","1","1","$15.86","Clothing, Shoes &amp; Jewelry","181,249","16","$254","252 ","4.5","-"
"243","Wait Until My Dad Hears About This Fathers Day Design T-Shirt","http://www.amazon.com//dp/B0FBBY644J","Brand: Hilarious Father’s Day Ouija Saying Alphabet Joke","1","425","$15.99","Clothing, Shoes &amp; Jewelry","625,988","16","$256",,,"-"
"244","DC Comics Kids' Batman, Superman, Justice League 3 Pack T-Shirt Bundle Set","http://www.amazon.com//dp/B09P2129NR","Brand: DC Comics","1","1","$22.27","Clothing, Shoes &amp; Jewelry","110,716","17","$379","60 ","4.4","-"
"245","Alex Caruso Mount Rushmore Shirt T-Shirt","http://www.amazon.com//dp/B0FFGZLNMR","Brand: Official Alex Caruso Mount Rushmore","1","251","$19.99","Clothing, Shoes &amp; Jewelry","591,500","16","$320",,,"-"
"246","Liquid Blue Men's Tropical Reef T-Shirt","http://www.amazon.com//dp/B003YHN6HK","Visit the Liquid Blue Store","1","1","$20.26","Clothing, Shoes &amp; Jewelry","237,315","16","$324","220 ","4.6","-"
"247","Jurassic Park Boy's Bold T Rex Logo T-Shirt","http://www.amazon.com//dp/B06XHFMG7D","Brand: Jurassic Park","1","1","$18.25","Clothing, Shoes &amp; Jewelry","115,133","17","$310","448 ","4.7","-"
"248","Daddy's Homme Trump Shirt For Men Women and Kids T-Shirt","http://www.amazon.com//dp/B0FG5DJ5HK","Brand: Funny Trump Daddy's Home Tees Men Women '25","1","673","$13.99","Clothing, Shoes &amp; Jewelry","408,165","16","$224",,,"-"
"249","Kindergarten Level Begins First Day Of Kindergarten Gaming T-Shirt","http://www.amazon.com//dp/B0FFSGXPFX","Brand: First Day of Kindergarten Shirt","1","697","$13.99","Clothing, Shoes &amp; Jewelry","343,938","16","$224",,,"-"
"250","Transformers Boys' Little Short Sleeve Tee Shirt","http://www.amazon.com//dp/B007KH5ZOW","Visit the Transformers Store","1","1","$11.48","Clothing, Shoes &amp; Jewelry","196,097","16","$184","459 ","4.6","-"
"251","Soffe Men's Classic Raglan 3/4 Sleeve Baseball T-Shirt","http://www.amazon.com//dp/B016LMM1O8","Visit the Soffe Store","1","1","$12.99","Clothing, Shoes &amp; Jewelry","1,289,851","16","$208","74 ","3.9","-"
"253","Disney Lilo &amp; Stitch Is 3rd Grade Ready For This? Chest Logo T-Shirt","http://www.amazon.com//dp/B0CW2C1QL7","Visit the Disney Store","1","226","$22.99","Clothing, Shoes &amp; Jewelry","381,306","-","-","2 ","5.0","-"
"254","2 inches Take It Or Leave It T-Shirt","http://www.amazon.com//dp/B0F1XLGT6J","Brand: 2 inches Take It Or Leave It","1","266","$18.95","Clothing, Shoes &amp; Jewelry","558,710","16","$303",,,"-"
"255","Family Vacation Egypt 2025 Matching Summer Vacation 2025 T-Shirt","http://www.amazon.com//dp/B0F2GMLLBM","Brand: Matching Egypt Family Vacation Shirts 2025","1","245","$19.99","Clothing, Shoes &amp; Jewelry","614,055","16","$320",,,"-"
"257","The Real Gang Meet Up In Heaven Phil Funny Meme BBQ T-Shirt","http://www.amazon.com//dp/B0FDJZD144","Brand: The Real Gang Meet Up In Heaven Phil Funny Meme","1","396","$16.99","Clothing, Shoes &amp; Jewelry","734,311","16","$272",,,"-"
"258","Mama of the Birthday Boy Tractors Farm Trucks Family Party T-Shirt","http://www.amazon.com//dp/B0FCXZQG7H","Brand: Tractor 1st Birthday Tractor Family Matching Party","1","594","$14.99","Clothing, Shoes &amp; Jewelry","454,957","-","-",,,"-"
"259","It's My 5th Birthday Boy Gamer Creepin’ Into 5 Gamer Pixel T-Shirt","http://www.amazon.com//dp/B0F28DKGP4","Brand: It's My 5th Birthday Creepin’ Into 5 Gamer Pixel","1","339","$20.99","Clothing, Shoes &amp; Jewelry","323,131","16","$336",,,"-"
"260","Jurassic Park Isla Nublar Young Men's Short Sleeve Tee Shirt","http://www.amazon.com//dp/B07Q2BLC4M","Brand: Jurassic Park","1","1","$19.99","Clothing, Shoes &amp; Jewelry","322,842","-","-","11 ","3.8","-"
"261","Birthday Boy It's My 6th Birthday Bro 6 Year Old Gamer Pixel T-Shirt","http://www.amazon.com//dp/B0F3C8HPGG","Brand: Birthday Boy It's My Birthday Gamer Pixel Shirt","1","465","$17.99","Clothing, Shoes &amp; Jewelry","417,245","16","$288",,,"-"
"262","FORTNITE Kids' Victory Royale Logo T-Shirt","http://www.amazon.com//dp/B08WCK4J5N","Brand: FORTNITE","1","1","$21.99","Clothing, Shoes &amp; Jewelry","145,239","16","$352","55 ","4.6","-"
"263","No Hockey Today T-Shirt","http://www.amazon.com//dp/B0FG2S8BVC","Brand: No Hockey Today","1","540","$15.99","Clothing, Shoes &amp; Jewelry","613,533","16","$256",,,"-"
"264","Disney Lilo &amp; Stitch Resting Stitch Face T-Shirt","http://www.amazon.com//dp/B0B3542VX3","Visit the Disney Store","1","344","$22.99","Clothing, Shoes &amp; Jewelry","180,158","-","-","117 ","4.6","-"
"265","Sonic The Hedgehog 4th Birthday Epic Sonic Big Chest Logo T-Shirt","http://www.amazon.com//dp/B0DYQZGJGX","Visit the Sonic The Hedgehog Store","1","34","$22.99","Clothing, Shoes &amp; Jewelry","126,826","17","$391","10 ","4.3","-"
"266","Star Wars: Andor Worn Icon Logo T-Shirt","http://www.amazon.com//dp/B0B89NZ8SX","Visit the STAR WARS Store","1","81","$22.99","Clothing, Shoes &amp; Jewelry","132,569","17","$391","39 ","4.6","-"
"267","I Need Ibuprofen Funny Cat Meme Japanese Men Women T-Shirt","http://www.amazon.com//dp/B0FCLR5T4L","Brand: Sad Cat Meme Japanese Tees Co.","1","1","$14.99","Clothing, Shoes &amp; Jewelry","452,839","16","$240",,,"-"
"268","Disney Mickey Mouse Cowboy Costume Western Vintage Look T-Shirt","http://www.amazon.com//dp/B0F3FQ2VF7","Visit the Disney Store","1","614","$22.99","Clothing, Shoes &amp; Jewelry","143,529","-","-",,"5.0","-"
"269","Jurassic Park Retro Raptor Clever Girl T-Shirt","http://www.amazon.com//dp/B07K8CHW8T","Visit the Jurassic Park Store","1","252","$22.99","Clothing, Shoes &amp; Jewelry","257,701","-","-","160 ","4.7","-"
"270","Mario Kart Yoshi Toad &amp; Mario Vintage Race Line Up T-Shirt","http://www.amazon.com//dp/B0DJQ5L8WC","Brand: Super Mario","1","522","$22.99","Clothing, Shoes &amp; Jewelry","73,000","-","-","10 ","4.9","-"
"271","Level 2nd Grade Unlocked Back To School First Day Boy Kids T-Shirt","http://www.amazon.com//dp/B0CC5SJGCL","Brand: First Day Of School Kids Back To School","1","510","$15.99","Clothing, Shoes &amp; Jewelry","296,869","16","$256","4 ","4.6","-"
"272","Tires Valley Forge Automotive Officially Licensed T-Shirt","http://www.amazon.com//dp/B0FDGWZM7H","Brand: Netflix","1","66","$22.97","Clothing, Shoes &amp; Jewelry","236,113","-","-",,,"-"
"273","Star Wars Jawa Droid Repair Tatooine's Finest Disney+ T-Shirt","http://www.amazon.com//dp/B0845TSLN6","Visit the STAR WARS Store","1","364","$22.99","Clothing, Shoes &amp; Jewelry","90,020","-","-","497 ","4.8","-"
"274","Life is Good Women's Crusher Tee, Short Sleeve Cotton Graphic T-Shirts, Hibiscus Sail Flower","http://www.amazon.com//dp/B09D24XYMJ","Visit the Life is Good Store","1","1","$29.50","Clothing, Shoes &amp; Jewelry","97,308","17","$502","620 ","4.7","-"
"275","Star Wars Men's Alliance Emblem Logo T-Shirt","http://www.amazon.com//dp/B01L2V2VIO","Visit the STAR WARS Store","1","1","$15.47","Clothing, Shoes &amp; Jewelry","419,647","16","$248","405 ","4.3","-"
"276","MTV Men's Springbreak 94 Logo T-Shirt","http://www.amazon.com//dp/B071JPJVJ2","Visit the MTV Store","1","1","$14.71","Clothing, Shoes &amp; Jewelry","53,747","20","$294","452 ","4.6","-"
"277","Jurassic Park Logo Men's T-Shirt, Black, 3X-Large","http://www.amazon.com//dp/B01GCHAEHS","Brand: Jurassic Park","1","1","$14.23","Clothing, Shoes &amp; Jewelry","256,325","-","-","98 ","4.4","-"
"278","Columbia Men's Graphic T-Shirt","http://www.amazon.com//dp/B092YQ2V2C","Visit the Columbia Store","1","1","$19.25","Clothing, Shoes &amp; Jewelry","30,962","26","$501","32 ","4.6","-"
"279","JACK MEHOFF, We whack it so you don’t have to T-Shirt","http://www.amazon.com//dp/B0FGJFRJG7","Brand: Funny Lawn Mower Pun Joke Design","1","1","$16.99","Clothing, Shoes &amp; Jewelry","599,193","16","$272",,,"-"
"280","Liquid Blue Unisex-Adult Standard Grateful Vintage Seasons of The Dead Tie Dye Tee","http://www.amazon.com//dp/B07TGFMGP3","Visit the Liquid Blue Store","1","1","$25.31","Clothing, Shoes &amp; Jewelry","101,417","17","$430","178 ","4.5","-"
"281","Minecraft Group Shot Faces Collage T-Shirt","http://www.amazon.com//dp/B09ZYY2BYB","Visit the Minecraft Store","1","248","$22.99","Clothing, Shoes &amp; Jewelry","83,182","-","-","21 ","4.7","-"
"282","Star Wars Lando's Galactic Tour T-Shirt","http://www.amazon.com//dp/B07SLG821Z","Visit the STAR WARS Store","1","269","$22.99","Clothing, Shoes &amp; Jewelry","343,235","-","-","12 ","5.0","-"
"283","How To Bunt Don't Hit A Dinger Funny Baseball Softball T-Shirt","http://www.amazon.com//dp/B0BFFXH37Q","Brand: How To Bunt Don't Hit A Dinger Funny Baseball","1","535","$17.95","Clothing, Shoes &amp; Jewelry","447,440","-","-","10 ","4.9","-"
"284","straight is great T-Shirt","http://www.amazon.com//dp/B0D62XDP96","Brand: straight is great","1","1","$18.99","Clothing, Shoes &amp; Jewelry","625,634","16","$304",,,"-"
"285","Disney Lilo &amp; Stitch â€œBroâ€œ Brother Birthday Gift Family Trip T-Shirt","http://www.amazon.com//dp/B0F5BVS7N9","Visit the Disney Store","1","506","$22.99","Clothing, Shoes &amp; Jewelry","240,461","16","$368",,"5.0","-"
"286","Nintendo Men's T-Shirt","http://www.amazon.com//dp/B06Y31SYLW","Brand: Nintendo","1","1","$25.00","Clothing, Shoes &amp; Jewelry","75,197","18","$450","1,652 ","4.7","-"
"287","Star Wars Vintage Han Solo Smuggling Co. Poster Disney+ T-Shirt","http://www.amazon.com//dp/B07S3YGP4M","Visit the STAR WARS Store","1","338","$22.99","Clothing, Shoes &amp; Jewelry","88,005","-","-","310 ","4.7","-"
"288","Disney Lilo &amp; Stitch I Was Left Unsupervised Retro Stripes T-Shirt","http://www.amazon.com//dp/B0DPJG6SBR","Visit the Disney Store","1","141","$22.99","Clothing, Shoes &amp; Jewelry","158,617","16","$368",,"5.0","-"
"289","Minecraft Group Shot Colored Box Up T-Shirt","http://www.amazon.com//dp/B093R368HR","Visit the Minecraft Store","1","279","$22.99","Clothing, Shoes &amp; Jewelry","87,821","-","-","400 ","4.7","-"
"290","Jurassic Park Isla Nublar 1993 Tour Poster T-Shirt","http://www.amazon.com//dp/B07G7YVLNS","Visit the Jurassic Park Store","1","258","$22.99","Clothing, Shoes &amp; Jewelry","105,146","-","-","217 ","4.7","-"
"291","STAR WARS Men's Dark Lord","http://www.amazon.com//dp/B01N3JK86A","Visit the STAR WARS Store","1","1","$29.99","Clothing, Shoes &amp; Jewelry","272,756","16","$480","42 ","4.5","-"
"292","Life is Good. Womens Crusher Vee Heart Of Hearts, Jet Black","http://www.amazon.com//dp/B07ZGB8K43","Visit the Life is Good Store","1","1","$29.50","Clothing, Shoes &amp; Jewelry","54,679","20","$590","15 ","4.5","-"
"293","Star Wars Logo Retro 90s Galaxy T-Shirt","http://www.amazon.com//dp/B07N74CRB9","Visit the STAR WARS Store","1","323","$22.99","Clothing, Shoes &amp; Jewelry","56,659","-","-","1,503 ","4.7","-"
"294","Disney Mickey Mouse and Friends Dad Father’s Day Birthday T-Shirt","http://www.amazon.com//dp/B0D7NLNWCH","Visit the Disney Store","1","448","$22.99","Clothing, Shoes &amp; Jewelry","98,268","-","-","24 ","4.4","-"
"295","Jeep Girl T-Shirt","http://www.amazon.com//dp/B09YWJCYQZ","Visit the Jeep Store","1","1","$24.99","Clothing, Shoes &amp; Jewelry","69,554","-","-","396 ","4.5","-"
"296","Marvel Men's Distressed Captain America Shield T-Shirt","http://www.amazon.com//dp/B0BVPXHF1L","Visit the Marvel Store","1","1","$18.99","Clothing, Shoes &amp; Jewelry","177,297","-","-","91 ","4.4","-"
"297","Disney Pixar Cars Dinoco Motor Oil Faded Sign T-Shirt","http://www.amazon.com//dp/B09DFC255F","Visit the Disney Store","1","257","$22.99","Clothing, Shoes &amp; Jewelry","92,129","17","$391","67 ","4.6","-"
"298","Just Here For The Fireworks couple Funny Fourth of July T-Shirt","http://www.amazon.com//dp/B0FDS89JCM","Brand: Just Here For The Fireworks Fourth of July Apparel","1","235","$17.98","Clothing, Shoes &amp; Jewelry","441,079","-","-",,,"-"
"299","STAR WARS T-Shirt New Tatooine","http://www.amazon.com//dp/B009I52LS2","Visit the STAR WARS Store","1","1","$13.27","Clothing, Shoes &amp; Jewelry","139,945","-","-","958 ","4.5","-"
"300","Life is Good. Womens Crusher Tee Horse, Darkest Blue","http://www.amazon.com//dp/B07ZG9NSTR","Visit the Life is Good Store","1","1","$23.60","Clothing, Shoes &amp; Jewelry","117,926","17","$401","181 ","4.7","-"
"301","Liquid Blue Men's All Mad Here T-Shirt","http://www.amazon.com//dp/B00OYH2MHY","Visit the Liquid Blue Store","1","1","$31.00","Clothing, Shoes &amp; Jewelry","246,037","16","$496","401 ","4.7","-"
"303","Jurassic Park Retro Raptor Clever Girl T-Shirt","http://www.amazon.com//dp/B07K8CHW8T","Visit the Jurassic Park Store","1","252","$22.99","Clothing, Shoes &amp; Jewelry","257,701","16","$368","160 ","4.7","-"
"304","Mario Kart Yoshi Toad &amp; Mario Vintage Race Line Up T-Shirt","http://www.amazon.com//dp/B0DJQ5L8WC","Brand: Super Mario","1","522","$22.99","Clothing, Shoes &amp; Jewelry","73,000","18","$414","10 ","4.9","-"
"305","4th of July Duck Firequacker Patriotic Fourth of July Funny T-Shirt","http://www.amazon.com//dp/B0D3SM14RL","Brand: Fourth of July Duck TShirt Women Men Kids Gift","1","396","$15.95","Clothing, Shoes &amp; Jewelry","36,258","24","$383","20 ","4.3","-"
"307","Tires Valley Forge Automotive Officially Licensed T-Shirt","http://www.amazon.com//dp/B0FDGWZM7H","Brand: Netflix","1","66","$22.97","Clothing, Shoes &amp; Jewelry","236,113","-","-",,,"-"
"308","Star Wars Jawa Droid Repair Tatooine's Finest Disney+ T-Shirt","http://www.amazon.com//dp/B0845TSLN6","Visit the STAR WARS Store","1","364","$22.99","Clothing, Shoes &amp; Jewelry","90,020","17","$391","497 ","4.8","-"
"309","Life is Good Women's Crusher Tee, Short Sleeve Cotton Graphic T-Shirts, Hibiscus Sail Flower","http://www.amazon.com//dp/B09D24XYMJ","Visit the Life is Good Store","1","1","$29.50","Clothing, Shoes &amp; Jewelry","97,308","17","$502","620 ","4.7","-"
"310","Star Wars Men's Alliance Emblem Logo T-Shirt","http://www.amazon.com//dp/B01L2V2VIO","Visit the STAR WARS Store","1","1","$15.47","Clothing, Shoes &amp; Jewelry","419,647","16","$248","405 ","4.3","-"
"311","MTV Men's Springbreak 94 Logo T-Shirt","http://www.amazon.com//dp/B071JPJVJ2","Visit the MTV Store","1","1","$14.71","Clothing, Shoes &amp; Jewelry","53,747","20","$294","452 ","4.6","-"
"312","Jurassic Park Logo Men's T-Shirt, Black, 3X-Large","http://www.amazon.com//dp/B01GCHAEHS","Brand: Jurassic Park","1","1","$14.23","Clothing, Shoes &amp; Jewelry","256,325","16","$228","98 ","4.4","-"
"313","Funny No Hockey Today T-Shirt","http://www.amazon.com//dp/B0FDKG6HQ6","Brand: Funny No Hockey Today Tee","1","347","$17.99","Clothing, Shoes &amp; Jewelry","510,085","16","$288",,,"-"
"314","Columbia Men's Graphic T-Shirt","http://www.amazon.com//dp/B092YQ2V2C","Visit the Columbia Store","1","1","$19.25","Clothing, Shoes &amp; Jewelry","30,962","26","$501","32 ","4.6","-"
"315","JACK MEHOFF, We whack it so you don’t have to T-Shirt","http://www.amazon.com//dp/B0FGJFRJG7","Brand: Funny Lawn Mower Pun Joke Design","1","1","$16.99","Clothing, Shoes &amp; Jewelry","599,193","16","$272",,,"-"
"316","Liquid Blue Unisex-Adult Standard Grateful Vintage Seasons of The Dead Tie Dye Tee","http://www.amazon.com//dp/B07TGFMGP3","Visit the Liquid Blue Store","1","1","$25.31","Clothing, Shoes &amp; Jewelry","101,417","17","$430","178 ","4.5","-"
"317","Minecraft Group Shot Faces Collage T-Shirt","http://www.amazon.com//dp/B09ZYY2BYB","Visit the Minecraft Store","1","248","$22.99","Clothing, Shoes &amp; Jewelry","83,182","18","$414","21 ","4.7","-"
"318","Star Wars Lando's Galactic Tour T-Shirt","http://www.amazon.com//dp/B07SLG821Z","Visit the STAR WARS Store","1","269","$22.99","Clothing, Shoes &amp; Jewelry","343,235","16","$368","12 ","5.0","-"
"319","How To Bunt Don't Hit A Dinger Funny Baseball Softball T-Shirt","http://www.amazon.com//dp/B0BFFXH37Q","Brand: How To Bunt Don't Hit A Dinger Funny Baseball","1","535","$17.95","Clothing, Shoes &amp; Jewelry","447,440","16","$287","10 ","4.9","-"
"320","Mama Dada Mini 4th of July American Family Matching Tees T-Shirt","http://www.amazon.com//dp/B0D3V4S22Z","Brand: Xamic","1","425","$13.38","Clothing, Shoes &amp; Jewelry","56,696","19","$254","28 ","4.4","-"
"321","straight is great T-Shirt","http://www.amazon.com//dp/B0D62XDP96","Brand: straight is great","1","1","$18.99","Clothing, Shoes &amp; Jewelry","625,634","16","$304",,,"-"
"322","Disney Lilo &amp; Stitch â€œBroâ€œ Brother Birthday Gift Family Trip T-Shirt","http://www.amazon.com//dp/B0F5BVS7N9","Visit the Disney Store","1","506","$22.99","Clothing, Shoes &amp; Jewelry","240,461","16","$368",,"5.0","-"
"323","Nintendo Men's T-Shirt","http://www.amazon.com//dp/B06Y31SYLW","Brand: Nintendo","1","1","$25.00","Clothing, Shoes &amp; Jewelry","75,199","18","$450","1,652 ","4.7","-"
"324","Star Wars Vintage Han Solo Smuggling Co. Poster Disney+ T-Shirt","http://www.amazon.com//dp/B07S3YGP4M","Visit the STAR WARS Store","1","338","$22.99","Clothing, Shoes &amp; Jewelry","88,005","17","$391","310 ","4.7","-"
"325","Kawaii Ninja Cat Riding Dinosaur American Flag Patriotic Women Kids Men T-Shirt","http://www.amazon.com//dp/B0D35B73WL","Brand: Vintage Samurai Cute Cat Lover 4th of July 2025","1","396","$15.99","Clothing, Shoes &amp; Jewelry","461,515","16","$256",,,"-"
"326","Disney Lilo &amp; Stitch I Was Left Unsupervised Retro Stripes T-Shirt","http://www.amazon.com//dp/B0DPJG6SBR","Visit the Disney Store","1","141","$22.99","Clothing, Shoes &amp; Jewelry","158,617","16","$368",,"5.0","-"
"327","Minecraft Group Shot Colored Box Up T-Shirt","http://www.amazon.com//dp/B093R368HR","Visit the Minecraft Store","1","279","$22.99","Clothing, Shoes &amp; Jewelry","87,821","17","$391","400 ","4.7","-"
"328","Jurassic Park Isla Nublar 1993 Tour Poster T-Shirt","http://www.amazon.com//dp/B07G7YVLNS","Visit the Jurassic Park Store","1","258","$22.99","Clothing, Shoes &amp; Jewelry","105,146","17","$391","217 ","4.7","-"
"329","STAR WARS Men's Dark Lord","http://www.amazon.com//dp/B01N3JK86A","Visit the STAR WARS Store","1","1","$29.99","Clothing, Shoes &amp; Jewelry","272,756","16","$480","42 ","4.5","-"
"330","Life is Good. Womens Crusher Vee Heart Of Hearts, Jet Black","http://www.amazon.com//dp/B07ZGB8K43","Visit the Life is Good Store","1","1","$29.50","Clothing, Shoes &amp; Jewelry","54,679","20","$590","15 ","4.5","-"
"331","Star Wars Logo Retro 90s Galaxy T-Shirt","http://www.amazon.com//dp/B07N74CRB9","Visit the STAR WARS Store","1","323","$22.99","Clothing, Shoes &amp; Jewelry","56,659","19","$437","1,503 ","4.7","-"
"332","Disney Mickey Mouse and Friends Dad Father’s Day Birthday T-Shirt","http://www.amazon.com//dp/B0D7NLNWCH","Visit the Disney Store","1","448","$22.99","Clothing, Shoes &amp; Jewelry","98,268","17","$391","24 ","4.4","-"
"333","Jeep Girl T-Shirt","http://www.amazon.com//dp/B09YWJCYQZ","Visit the Jeep Store","1","1","$24.99","Clothing, Shoes &amp; Jewelry","69,554","18","$450","396 ","4.5","-"
"334","Marvel Men's Distressed Captain America Shield T-Shirt","http://www.amazon.com//dp/B0BVPXHF1L","Visit the Marvel Store","1","1","$18.99","Clothing, Shoes &amp; Jewelry","177,297","16","$304","91 ","4.4","-"
"335","Disney Pixar Cars Dinoco Motor Oil Faded Sign T-Shirt","http://www.amazon.com//dp/B09DFC255F","Visit the Disney Store","1","257","$22.99","Clothing, Shoes &amp; Jewelry","92,129","17","$391","67 ","4.6","-"
"336","Just Here For The Fireworks couple Funny Fourth of July T-Shirt","http://www.amazon.com//dp/B0FDS89JCM","Brand: Just Here For The Fireworks Fourth of July Apparel","1","235","$17.98","Clothing, Shoes &amp; Jewelry","441,079","16","$288",,,"-"
"337","STAR WARS T-Shirt New Tatooine","http://www.amazon.com//dp/B009I52LS2","Visit the STAR WARS Store","1","1","$13.27","Clothing, Shoes &amp; Jewelry","139,945","16","$212","958 ","4.5","-"
"338","This Is My Pride Flag Trump 2024 American Flag 4th of July T-Shirt","http://www.amazon.com//dp/B0C5676YTL","Brand: This Is My Pride Flag Trump 2024 Patriotic Men","1","452","$18.99","Clothing, Shoes &amp; Jewelry","62,105","19","$361","28 ","4.0","-"
"339","LOVE Be Kind Compassion Equality USA American Flag Patriotic T-Shirt","http://www.amazon.com//dp/B09BNMCQ1S","Brand: Be Kind To Others American Flag","1","316","$13.38","Clothing, Shoes &amp; Jewelry","187,162","16","$214","6 ","3.5","-"
"340","Life is Good. Womens Crusher Tee Horse, Darkest Blue","http://www.amazon.com//dp/B07ZG9NSTR","Visit the Life is Good Store","1","1","$23.60","Clothing, Shoes &amp; Jewelry","117,926","17","$401","181 ","4.7","-"
"341","Liquid Blue Men's All Mad Here T-Shirt","http://www.amazon.com//dp/B00OYH2MHY","Visit the Liquid Blue Store","1","1","$31.00","Clothing, Shoes &amp; Jewelry","246,037","16","$496","401 ","4.7","-"
"342","Kids Hot Wheels It's My Birthday Confetti T-Shirt","http://www.amazon.com//dp/B0D6NYQS9F","Visit the Hot Wheels Store","1","1","$22.99","Clothing, Shoes &amp; Jewelry","61,584","19","$437","73 ","4.3","-"
"343","Disney Pixar Toy Story Cartoon Group Shot Graphic T-Shirt T-Shirt","http://www.amazon.com//dp/B07MT1WYXV","Visit the Disney Store","1","261","$22.99","Clothing, Shoes &amp; Jewelry","144,363","16","$368","1,222 ","4.7","-"
"344","Winnie The Pooh - Eeyore Could Be Worse Not Sure How T-Shirt","http://www.amazon.com//dp/B0D157T117","Visit the Disney Store","1","323","$22.99","Clothing, Shoes &amp; Jewelry","123,595","-","-","41 ","4.6","-"
"345","Star Wars Logo Kawaii Multi-Character T-Shirt","http://www.amazon.com//dp/B07N7318H1","Visit the STAR WARS Store","1","374","$22.99","Clothing, Shoes &amp; Jewelry","91,892","-","-","1,359 ","4.7","-"
"346","Minecraft Pink Axolotl Pond T-Shirt","http://www.amazon.com//dp/B09ZXQC9S6","Visit the Minecraft Store","1","333","$18.99","Clothing, Shoes &amp; Jewelry","56,425","-","-","314 ","4.6","-"
"347","Star Wars Rebel Alliance Rebellions are Built on Hope USA T-Shirt","http://www.amazon.com//dp/B0C5F4SM4L","Visit the STAR WARS Store","1","208","$22.99","Clothing, Shoes &amp; Jewelry","156,422","16","$368","15 ","4.6","-"
"348","Disney A Goofy Movie Powerline Tour '95 Retro Neon Poster T-Shirt","http://www.amazon.com//dp/B08HTD57YC","Visit the Disney Store","1","155","$22.99","Clothing, Shoes &amp; Jewelry","111,469","17","$391","499 ","4.8","-"
"349","Marvel Comics Punisher Skull Symbol Distressed T-Shirt","http://www.amazon.com//dp/B07KVJM5MM","Visit the Marvel Store","1","209","$22.99","Clothing, Shoes &amp; Jewelry","70,691","18","$414","1,239 ","4.7","-"
"350","Disney Mickey &amp; Friends 4th Of July USA Minnie &amp; Daisy Retro T-Shirt","http://www.amazon.com//dp/B0FBHQV6L5","Visit the Disney Store","1","177","$22.99","Clothing, Shoes &amp; Jewelry","358,363","16","$368",,"1.0","-"
"351","Jeep 1941 Vintage Logo - Officially Licensed T-Shirt","http://www.amazon.com//dp/B0C2JMNC49","Visit the Jeep Store","1","1","$24.99","Clothing, Shoes &amp; Jewelry","69,943","18","$450","71 ","4.8","-"
"353","Jeep 1941 Vintage Logo - Officially Licensed T-Shirt","http://www.amazon.com//dp/B0C2JMNC49","Visit the Jeep Store","1","1","$24.99","Clothing, Shoes &amp; Jewelry","69,943","18","$450","71 ","4.8","-"
"354","Disney Minnie Mouse Classic Pose T-Shirt","http://www.amazon.com//dp/B085M5KYL3","Visit the Disney Store","1","629","$22.99","Clothing, Shoes &amp; Jewelry","88,106","17","$391","436 ","4.4","-"
"355","Funny Benadryl Cat Weird Adult Humor Meme Women Men T-Shirt","http://www.amazon.com//dp/B0F5HTLBSZ","Brand: Benadryl cat shirt","1","226","$15.99","Clothing, Shoes &amp; Jewelry","215,344","16","$256","4 ","4.1","-"
"357","Matching Family Friends and Group Alaska Cruise 2025 T-Shirt","http://www.amazon.com//dp/B0F3VCCXKL","Brand: Alaska cruise family vacation t-shirts 2025","1","697","$15.99","Clothing, Shoes &amp; Jewelry","458,077","16","$256",,,"-"
"358","Life is Good Women's Crusher Graphic T-Shirt Watercolor Daisy Birds","http://www.amazon.com//dp/B08WFX9C9J","Visit the Life is Good Store","1","1","$29.50","Clothing, Shoes &amp; Jewelry","87,817","17","$502","286 ","4.7","-"
"359","Two Seater T-Shirt","http://www.amazon.com//dp/B0976J2NK8","Brand: Two Seater Shirt Two-Seater Shirt 2 Seater Shirt","1","326","$13.99","Clothing, Shoes &amp; Jewelry","292,280","16","$224","11 ","4.8","-"
"360","Venum Men's Classic","http://www.amazon.com//dp/B009D4ABKI","Visit the Venum Store","1","1","$29.99","Clothing, Shoes &amp; Jewelry","126,362","17","$510","2,412 ","4.6","-"
"361","4th Of July Funny Patriotic American Flag What Is Kilometer T-Shirt","http://www.amazon.com//dp/B0FB641QTW","Brand: Funny 4th Of July Patriotic American Gift","1","337","$16.96","Clothing, Shoes &amp; Jewelry","335,267","16","$271",,,"-"
"362","Star Wars Classic Anakin Skywalker Photo Collage Poster T-Shirt","http://www.amazon.com//dp/B0CBNHXV73","Visit the STAR WARS Store","1","295","$22.99","Clothing, Shoes &amp; Jewelry","94,220","17","$391","89 ","4.4","-"
"363","Happy 4th Of July 'MERICA TRUMP American Flag USA T-Shirt","http://www.amazon.com//dp/B0DX84M6SS","Brand: MERICA TRUMP American Flag USA Outfits","1","540","$19.95","Clothing, Shoes &amp; Jewelry","67,865","18","$359","7 ","4.3","-"
"364","Neurodiverse Universe Autism Awareness Understand Accept T-Shirt","http://www.amazon.com//dp/B0DSWN9WYT","Brand: Neurodiverse Universe Autism Awareness Understand","1","297","$18.99","Clothing, Shoes &amp; Jewelry","329,092","16","$304","3 ","5.0","-"
"365","Star Wars Classic Bright Neon Poster Art Disney+ T-Shirt","http://www.amazon.com//dp/B07PKDV3VB","Visit the STAR WARS Store","1","349","$22.99","Clothing, Shoes &amp; Jewelry","77,461","18","$414","656 ","4.6","-"
"366","Disney - Daisy Scribble T-Shirt","http://www.amazon.com//dp/B0DZ87ZRC7","Visit the Disney Store","1","1","$22.99","Clothing, Shoes &amp; Jewelry","262,524","16","$368","2 ","5.0","-"
"367","Kids Funny I Axolotl Questions Graphic T-Shirt","http://www.amazon.com//dp/B0F5QLMYM6","Brand: I Axolotl Questions Girl Teen Toddler Gifts Tees","1","1","$13.99","Clothing, Shoes &amp; Jewelry","151,749","16","$224","3 ","5.0","-"
"368","Star Wars Classic Epic Lightsabers Jedi Force Logo T-Shirt","http://www.amazon.com//dp/B0BX4HJW2F","Visit the STAR WARS Store","1","87","$22.99","Clothing, Shoes &amp; Jewelry","90,937","17","$391","120 ","4.8","-"
"369","Star Wars Revenge Of The Sith Movie Vintage Disney+ T-Shirt","http://www.amazon.com//dp/B07L9WQT7K","Visit the STAR WARS Store","1","338","$22.99","Clothing, Shoes &amp; Jewelry","90,813","17","$391","272 ","4.6","-"
"370","Star Wars Darth Vader AT-AT Walker Disney+ T-Shirt","http://www.amazon.com//dp/B0845TB9QS","Visit the STAR WARS Store","1","229","$22.99","Clothing, Shoes &amp; Jewelry","70,059","18","$414","2,159 ","4.7","-"
"371","Joe Biden Happy Easter For Funny 4th Of July Shirt Men Women T-Shirt","http://www.amazon.com//dp/B0FF2XTVTK","Brand: Funny Joe Biden Fourth 4th Of July Tees","1","432","$16.99","Clothing, Shoes &amp; Jewelry","359,468","16","$272",,,"-"
"372","Game On 3rd Grade Back To School Video Gamer Third Grade T-Shirt","http://www.amazon.com//dp/B0D926NLSW","Brand: Game On 1st Day Of School Level Unlocked Kids Boys","1","257","$13.38","Clothing, Shoes &amp; Jewelry","416,455","16","$214",,,"-"
"373","4th Grade Level Unlocked Funny Gamer Boys Back To School T-Shirt","http://www.amazon.com//dp/B0DCZJ516J","Brand: Back To School Tees Funny Gamer Boys Kids Teachers","1","353","$13.38","Clothing, Shoes &amp; Jewelry","387,879","16","$214",,,"-"
"374","Fight Or Flight Meme Penguin With Knife T-Shirt","http://www.amazon.com//dp/B0FFMKC5J8","Brand: Fight Or Flight Meme Penguin With Knife t -shir t","1","1","$13.99","Clothing, Shoes &amp; Jewelry","414,327","16","$224",,,"-"
"375","NO WORDS Subtle Foxglove Daisy Tulip T-Shirt","http://www.amazon.com//dp/B0FDJRX27M","Brand: Funny Men Women Outfits 2025","1","294","$13.38","Clothing, Shoes &amp; Jewelry","458,747","16","$214",,,"-"
"376","I Didn't Grow Up Saying With Liberty &amp; Justice For All Every T-Shirt","http://www.amazon.com//dp/B0FDVGFQVS","Brand: I Didn't Grow Up Saying With Liberty &amp; Justice","1","167","$15.99","Clothing, Shoes &amp; Jewelry","322,541","16","$256",,,"-"
"377","PAW Patrol Mother's Day Mom Patrol Badge T-Shirt","http://www.amazon.com//dp/B0DKJT6MYQ","Visit the Paw Patrol Store","1","1","$25.97","Clothing, Shoes &amp; Jewelry","165,770","16","$416","11 ","4.6","-"
"378","Girl Will be Girls Patriotic Feminist 4th of July Womens T-Shirt","http://www.amazon.com//dp/B0FDTD5LC2","Brand: Retro Girl Will be Girls Feminist 4th of July Co.","1","1","$13.99","Clothing, Shoes &amp; Jewelry","339,061","16","$224",,,"-"
"379","Peanuts USA Wood House Snoopy T-Shirt T-Shirt","http://www.amazon.com//dp/B07D5V9JC1","Brand: Peanuts","1","199","$22.99","Clothing, Shoes &amp; Jewelry","78,361","18","$414","732 ","4.6","-"
"380","DC Comics Superman No.1 Comic Cover T-Shirt","http://www.amazon.com//dp/B08JXFJ4BQ","Brand: DC Comics","1","225","$22.99","Clothing, Shoes &amp; Jewelry","115,911","17","$391","6 ","5.0","-"
"381","DILF Damn I Love Freedom Funny Patriotic 4th Of July T-Shirt","http://www.amazon.com//dp/B0B4F3WS1L","Brand: DILF Damn I Love Freedom","1","1","$18.99","Clothing, Shoes &amp; Jewelry","185,157","16","$304","24 ","4.3","-"
"382","Superman Shield 1941 T-Shirt","http://www.amazon.com//dp/B0F96TGJ2F","Brand: DC Comics","1","115","$19.99","Clothing, Shoes &amp; Jewelry","96,525","17","$340",,"5.0","-"
"383","Harry Potter Everything that is Hermione Granger T-Shirt","http://www.amazon.com//dp/B09JDL478V","Brand: Harry Potter","1","1","$19.99","Clothing, Shoes &amp; Jewelry","123,023","17","$340","202 ","4.6","-"
"384","KIDZ BOP Merch – Friendship Bracelet T-Shirt","http://www.amazon.com//dp/B0D3SMT4BZ","Visit the KIDZ BOP Store","1","123","$20.00","Clothing, Shoes &amp; Jewelry","131,375","17","$340","16 ","4.4","-"
"385","Alpha In The Streets Kitten In Sheets Funny Werewolf Wolf T-Shirt","http://www.amazon.com//dp/B0FCLJ28NF","Brand: Wolf Meme Shirts Funny Cringe Humor Silly","1","271","$13.38","Clothing, Shoes &amp; Jewelry","315,183","16","$214",,,"-"
"386","DC Comics Superman Pretty Fly Retro T-Shirt","http://www.amazon.com//dp/B08NGGLP9Q","Brand: DC Comics","1","319","$22.99","Clothing, Shoes &amp; Jewelry","115,112","17","$391","137 ","4.6","-"
"387","Heemeyer Front And Back Printing T-Shirt","http://www.amazon.com//dp/B0DQ7STN3R","Brand: ByB","1","326","$24.99","Clothing, Shoes &amp; Jewelry","453,060","16","$400","2 ","4.0","-"
"388","Subtle Resistance Is Patriotic 4th Of July Women T-Shirt","http://www.amazon.com//dp/B0FC5W86L3","Brand: Subtle Funny Resistance Is Patriotic","1","432","$19.99","Clothing, Shoes &amp; Jewelry","132,314","17","$340",,,"-"
"389","Sonic The Hedgehog 5th Birthday Epic Sonic Big Chest Logo T-Shirt","http://www.amazon.com//dp/B0DYRF78FG","Visit the Sonic The Hedgehog Store","1","34","$22.99","Clothing, Shoes &amp; Jewelry","144,414","16","$368","16 ","4.1","-"
"390","Babette measure oatmeal T-Shirt","http://www.amazon.com//dp/B07P8CPNZZ","Brand: Babette Ate Oatmeal","1","639","$13.49","Clothing, Shoes &amp; Jewelry","197,165","16","$216","101 ","4.8","-"
"391","Disney Men's Winnie The Pooh Oh Bother Bear T-Shirt","http://www.amazon.com//dp/B09B1GDFQX","Visit the Disney Store","1","1","$19.92","Clothing, Shoes &amp; Jewelry","195,633","16","$319","70 ","4.4","-"
"392","Bigfoot Merica rock USA American Flag 4th of July 2 side T-Shirt","http://www.amazon.com//dp/B0FCF8F8C9","Brand: 4th of July Patriotic Independence Day tees","1","253","$22.99","Clothing, Shoes &amp; Jewelry","210,108","16","$368","2 ","5.0","-"
"393","Disney Lilo &amp; Stitch Birthday Girl Retro Floral Logo T-Shirt","http://www.amazon.com//dp/B0B5K18FNC","Visit the Disney Store","1","296","$22.99","Clothing, Shoes &amp; Jewelry","35,078","24","$552","829 ","4.7","-"
"394","Disney Mickey Mouse Thumbs Up Best Papa Ever Father’s Day T-Shirt","http://www.amazon.com//dp/B0CS4VLNR8","Visit the Disney Store","1","584","$22.99","Clothing, Shoes &amp; Jewelry","110,717","17","$391","94 ","4.8","-"
"395","Disney Winnie the Pooh and Friends Dad Father’s Day Birthday T-Shirt","http://www.amazon.com//dp/B0D7NY62YS","Visit the Disney Store","1","478","$22.99","Clothing, Shoes &amp; Jewelry","114,173","17","$391","22 ","4.9","-"
"396","Funny Bird Playing Volleyball T-Shirt","http://www.amazon.com//dp/B0FCYMWT3D","Brand: Trendy Volleyball Sport Ball &amp; Outfits","1","1","$17.98","Clothing, Shoes &amp; Jewelry","360,728","16","$288",,,"-"
"397","Coors Classic Miller High Life Vintage Beer Logo T-Shirt","http://www.amazon.com//dp/B0BQZFRZBS","Brand: Coors","1","158","$22.99","Clothing, Shoes &amp; Jewelry","54,135","-","-","107 ","4.6","-"
"398","KIDZ BOP Gradient T-Shirt","http://www.amazon.com//dp/B0CD2ZW4SW","Visit the KIDZ BOP Store","1","250","$19.99","Clothing, Shoes &amp; Jewelry","191,888","-","-","8 ","4.0","-"
"399","Pokémon - Mewtwo Grunge Oversized T-Shirt","http://www.amazon.com//dp/B0F2W2M1C6","Visit the Pokemon Store","1","174","$22.99","Clothing, Shoes &amp; Jewelry","158,618","-","-","2 ","5.0","-"
"400","Disney Moana Letters Maui Father’s Day Birthday Best Dad T-Shirt","http://www.amazon.com//dp/B0D9WYHR1W","Visit the Disney Store","1","556","$22.99","Clothing, Shoes &amp; Jewelry","73,741","-","-","39 ","4.6","-"
"401","Camp Walden Summer camp trip matching T-Shirt","http://www.amazon.com//dp/B0FC69ZXWQ","Brand: camp trip matching","1","139","$17.99","Clothing, Shoes &amp; Jewelry","552,416","16","$288",,,"-"
"403","Disney Moana Letters Maui Father’s Day Birthday Best Dad T-Shirt","http://www.amazon.com//dp/B0D9WYHR1W","Visit the Disney Store","1","556","$22.99","Clothing, Shoes &amp; Jewelry","73,741","-","-","39 ","4.6","-"
"404","Camp Walden Summer camp trip matching T-Shirt","http://www.amazon.com//dp/B0FC69ZXWQ","Brand: camp trip matching","1","139","$17.99","Clothing, Shoes &amp; Jewelry","552,416","16","$288",,,"-"
"405","SEGA Boys' Little Sonic The Hedgehog Big Face Short Sleeve Tshirt","http://www.amazon.com//dp/B07F4CPBDH","Visit the SEGA Store","1","1","$23.00","Clothing, Shoes &amp; Jewelry","180,767","16","$368","959 ","4.6","-"
"407","Ghost – Official Skeletour 2025 Tampa Exclusive T-Shirt","http://www.amazon.com//dp/B0F5ZJV9W6","Visit the Ghost Store","1","34","$35.00","Clothing, Shoes &amp; Jewelry","210,110","16","$560","3 ","5.0","-"
"408","Liquid Blue Men's Grateful Dead-Montego Bay T-Shirt","http://www.amazon.com//dp/B00SJWN5KI","Visit the Liquid Blue Store","1","1","$22.34","Clothing, Shoes &amp; Jewelry","143,818","16","$357","232 ","4.8","-"
"409","'Twas the 'Tism M'Lord Wizard Frog Autism T-Shirt","http://www.amazon.com//dp/B0FF3P5S3C","Brand: 'Twas the 'Tism M'Lord Frog Autism t -shir t","1","697","$13.99","Clothing, Shoes &amp; Jewelry","387,283","16","$224",,,"-"
"410","Disney - Mickey's Riding Club T-Shirt","http://www.amazon.com//dp/B0BVYGYC3J","Visit the Disney Store","1","268","$22.99","Clothing, Shoes &amp; Jewelry","503,205","16","$368",,,"-"
"411","Super Mario Periodic Table Of Characters Graphic T-Shirt","http://www.amazon.com//dp/B07M5HQNBK","Brand: Super Mario","1","272","$23.50","Clothing, Shoes &amp; Jewelry","59,770","-","-","1,936 ","4.7","-"
"412","Ring There Is Motion at Your Front Door T-Shirt","http://www.amazon.com//dp/B0DJJNTZWD","Brand: Ring There Is Motion at Your Front Door Cat tee","1","637","$16.99","Clothing, Shoes &amp; Jewelry","457,479","-","-",,,"-"
"413","Disney Mickey Mouse Best Dad Ever Thumbs Up Father’s Day T-Shirt","http://www.amazon.com//dp/B0BXQP2Q5B","Visit the Disney Store","1","566","$22.99","Clothing, Shoes &amp; Jewelry","131,406","-","-","141 ","4.7","-"
"414","Star Wars Battlefront II Video Game T-Shirt","http://www.amazon.com//dp/B082BWK1X4","Visit the STAR WARS Store","1","87","$22.99","Clothing, Shoes &amp; Jewelry","312,740","16","$368","30 ","4.6","-"
"415","Disney Stitch Cowboy Costume Western Vintage Look T-Shirt","http://www.amazon.com//dp/B0F3FDR98P","Visit the Disney Store","1","614","$22.99","Clothing, Shoes &amp; Jewelry","310,456","16","$368",,,"-"
"416","Grandma the Birthday Girl Party Pink Doll Family Decorations T-Shirt","http://www.amazon.com//dp/B0FDKLMV6V","Brand: Birthday Girl Party Pink Doll Family Decorations","1","608","$17.99","Clothing, Shoes &amp; Jewelry","415,436","16","$288",,,"-"
"417","I am Afraid Of Women - Funny T-Shirt","http://www.amazon.com//dp/B0D1NFP1PY","Brand: Funny I am Afraid Of Women Sarcastic shirt","1","176","$14.99","Clothing, Shoes &amp; Jewelry","384,940","16","$240","2 ","5.0","-"
"418","Funny saying Vintage Yeet Apparel T-Shirt","http://www.amazon.com//dp/B0F67FCYYZ","Brand: Vintage Yeet Apparel Funny saying Men Women Kids","1","697","$15.99","Clothing, Shoes &amp; Jewelry","263,079","16","$256",,,"-"
"419","Sesame Street Black Classic Fit 2nd Birthday T-Shirt - Crew Neck, Short Sleeve, Cotton &amp; Polyester","http://www.amazon.com//dp/B09MFLTXY6","Visit the Sesame Street Store","1","192","$22.97","Clothing, Shoes &amp; Jewelry","124,835","17","$390","158 ","4.7","-"
"420","Disney Moana Maui Confident Pose You're Welcome Retro Logo T-Shirt","http://www.amazon.com//dp/B0CTSC28L6","Visit the Disney Store","1","264","$22.99","Clothing, Shoes &amp; Jewelry","124,831","-","-","40 ","4.4","-"
"421","Official Morgan Wallen Guitar Photo T-Shirt","http://www.amazon.com//dp/B0CFGF3LJB","Visit the Morgan Wallen Store","1","247","$24.99","Clothing, Shoes &amp; Jewelry","36,844","-","-","249 ","4.7","-"
"422","Jelly Roll - Beautifully Broken T-Shirt","http://www.amazon.com//dp/B0DFZ35967","Visit the Jelly Roll Store","1","38","$25.00","Clothing, Shoes &amp; Jewelry","68,195","18","$450","195 ","4.7","-"
"423","Marvel Men's Amazing Spider-Man T-Shirt","http://www.amazon.com//dp/B009I4X51A","Visit the Marvel Store","1","1","$24.00","Clothing, Shoes &amp; Jewelry","141,172","16","$384","1,847 ","4.7","-"
"424","This Girl Glows Colorful Groovy For Kids Girls Women T-Shirt","http://www.amazon.com//dp/B0DWXP6Y3S","Brand: This Girl Glows Colorful Groovy","1","614","$17.88","Clothing, Shoes &amp; Jewelry","284,961","16","$286",,"4.0","-"
"425","Cute Liberal Trump Stop Pretending Your Racism Is Patriotism T-Shirt","http://www.amazon.com//dp/B0FCXT5G73","Brand: Stop Pretending Your Racism Is Patriotism Trump","1","1","$19.98","Clothing, Shoes &amp; Jewelry","544,727","-","-",,,"-"
"426","Star Wars 20th Anniversary Episode III Epic Big Chest Poster T-Shirt","http://www.amazon.com//dp/B0F3L9YVBF","Visit the STAR WARS Store","1","34","$22.99","Clothing, Shoes &amp; Jewelry","158,193","16","$368","39 ","4.3","-"
"427","Disney Winnie the Pooh and Friends Mom Mother’s Day Birthday T-Shirt","http://www.amazon.com//dp/B0D7NKQZGJ","Visit the Disney Store","1","313","$22.99","Clothing, Shoes &amp; Jewelry","92,666","-","-","20 ","4.7","-"
"428","Boone Personalized Name I Love Boone Vintage T-Shirt","http://www.amazon.com//dp/B0FC6B3MFD","Brand: Boone Family Name Vintage Men Women","1","396","$18.99","Clothing, Shoes &amp; Jewelry","344,748","-","-",,,"-"
"429","Venum Classic T-Shirt","http://www.amazon.com//dp/B07DGKPRGR","Visit the Venum Store","1","1","$24.99","Clothing, Shoes &amp; Jewelry","134,781","-","-","57 ","4.6","-"
"430","Legally Blonde 2 4th Of July Makes Me Wanna Hot Dog Real Bad T-Shirt","http://www.amazon.com//dp/B0D8K1ZVP8","Brand: LEGALLY BLONDE","1","178","$22.99","Clothing, Shoes &amp; Jewelry","333,148","-","-",,"5.0","-"
"431","Girl Will Be Girls Shirts Medusa Feminist Women T-Shirt","http://www.amazon.com//dp/B0F7Y9VJG6","Brand: Girl Will Be Girls Medusa Outfits","1","432","$17.99","Clothing, Shoes &amp; Jewelry","122,565","-","-","8 ","4.7","-"
"432","Life is Good Men's Crusher Tee, Short Sleeve Cotton Graphic T-Shirts, LIG Mountains","http://www.amazon.com//dp/B07VVDF443","Visit the Life is Good Store","1","1","$29.50","Clothing, Shoes &amp; Jewelry","111,941","-","-","456 ","4.7","-"
"433","Hello Kitty Sakura Spring T-Shirt","http://www.amazon.com//dp/B085Z7N35G","Visit the Hello Kitty Store","1","522","$19.99","Clothing, Shoes &amp; Jewelry","79,809","-","-","740 ","4.7","-"
"434","Lucasfilm Indiana Jones Raiders of the Lost Ark Poster Art T-Shirt","http://www.amazon.com//dp/B0C62G6WJM","Visit the Disney Store","1","609","$22.99","Clothing, Shoes &amp; Jewelry","149,225","-","-","92 ","4.6","-"
"435","DC Comics Men's Superman Logo T-Shirt","http://www.amazon.com//dp/B081QYT9G3","Brand: DC Comics","1","1","$29.99","Clothing, Shoes &amp; Jewelry","126,649","-","-","453 ","4.4","-"
"436","Peanuts - Snoopy And Woodstock July 4th Fireworks T-Shirt","http://www.amazon.com//dp/B0C2WB3GJ2","Brand: Peanuts","1","167","$22.99","Clothing, Shoes &amp; Jewelry","137,397","-","-","11 ","4.2","-"
"437","MTV Retro Shape Design Logo Graphic T-Shirt T-Shirt","http://www.amazon.com//dp/B07JB4R3P9","Visit the MTV Store","1","1","$23.50","Clothing, Shoes &amp; Jewelry","59,358","-","-","4,242 ","4.5","-"
"438","Pokemon Unisex Adult Pikachu Pokeball Pattern T-Shirt, Black, Small","http://www.amazon.com//dp/B0CB1T3K4W","Visit the Pokemon Store","1","31","$22.99","Clothing, Shoes &amp; Jewelry","123,256","-","-","59 ","4.9","-"
"439","Disney Lilo &amp; Stitch 4th Of July Rocket Stitch T-Shirt","http://www.amazon.com//dp/B0DPJFPDRG","Visit the Disney Store","1","34","$22.99","Clothing, Shoes &amp; Jewelry","274,934","-","-",,,"-"
"440","Don't Scare Me I Fart Easily Funny Sarcastic Joke T-Shirt","http://www.amazon.com//dp/B0DH42L58F","Brand: Funny Don't Scare Me I Fart Easily","1","391","$16.97","Clothing, Shoes &amp; Jewelry","348,293","-","-",,"4.0","-"
"441","Fih Calling Remind me Message Decline Accept Phone Call Fish T-Shirt","http://www.amazon.com//dp/B0FDQMWTG6","Brand: Fih Calling Remind me Message Decline Tee","1","228","$15.99","Clothing, Shoes &amp; Jewelry","312,508","-","-",,,"-"
"442","Disney Lilo &amp; Stitch â€œSisâ€œ Sister Birthday Gift Family Trip T-Shirt","http://www.amazon.com//dp/B0F5BTG9TF","Visit the Disney Store","1","506","$22.99","Clothing, Shoes &amp; Jewelry","317,258","16","$368",,,"-"
"443","Funny Hot Dog Democracy's Collapsing 4th July Protest Trump T-Shirt","http://www.amazon.com//dp/B0FBYMYR56","Brand: Funny Men Women Outfits 2025","1","294","$17.89","Clothing, Shoes &amp; Jewelry","252,514","-","-",,,"-"
"444","Stars Stripes And Equal Rights 4th Of July Women's Rights T-Shirt","http://www.amazon.com//dp/B0B57MHCVC","Brand: Retro Fourth Of July Feminst Feminism Activist NS","1","284","$17.99","Clothing, Shoes &amp; Jewelry","84,226","-","-","20 ","4.1","-"
"445","Nintendo Boy's Lil Bro T-Shirt","http://www.amazon.com//dp/B06WVSL6J6","Brand: Nintendo","1","1","$23.00","Clothing, Shoes &amp; Jewelry","235,275","16","$368","457 ","4.4","-"
"446","Funny Goose Fourth Of July Firequacker Independence Day T-Shirt","http://www.amazon.com//dp/B0D7M9K1S8","Brand: Goose Fourth Of July Firequacker 4th Of July Tee","1","303","$15.98","Clothing, Shoes &amp; Jewelry","296,217","16","$256","2 ","5.0","-"
"447","Coors Miller Lite Patriotic American Flag Can T-Shirt","http://www.amazon.com//dp/B0BQZHP8RC","Brand: Coors","1","1","$22.99","Clothing, Shoes &amp; Jewelry","80,262","18","$414","35 ","4.4","-"
"448","Hello Kitty â€œIt's My Birthdayâ€œ Tee Shirt T-Shirt","http://www.amazon.com//dp/B07D59GQ31","Visit the Hello Kitty Store","1","1","$19.99","Our Brands","2,811","-","-","1,079 ","4.6","-"
"449","Life is Good Women's Crusher Tee, Short Sleeve Cotton Graphic T-Shirts, Superpower Daisy","http://www.amazon.com//dp/B07YX5YSDT","Visit the Life is Good Store","1","1","$29.50","Clothing, Shoes &amp; Jewelry","136,566","16","$472","11 ","4.5","-"
"450","Funny Trump Shirt ( 2 side ) â€œMake The Gulf Greatâ€œ Gulf 2025 T-Shirt","http://www.amazon.com//dp/B0FD5W6FYF","Brand: Trump Make The Gulf Great Again Funny Gulf 2025","1","379","$21.99","Clothing, Shoes &amp; Jewelry","145,739","16","$352",,,"-"
"451","Liquid Blue Men's Grateful Dead-Moto Sam T-Shirt","http://www.amazon.com//dp/B00BT0GXI8","Visit the Liquid Blue Store","1","1","$34.00","Clothing, Shoes &amp; Jewelry","177,903","16","$544","348 ","4.7","-"
"432",,,,"1","209","$21.63","Clothing, Shoes &amp; Jewelry","170,225","21","$561","500","3.7",